image,label
ISIC_0072418.jpg,MEL
ISIC_0069984.jpg,MEL
ISIC_0024823.jpg,MEL
ISIC_0063960.jpg,MEL
ISIC_0071111.jpg,MEL
ISIC_0056209.jpg,MEL
ISIC_0069671.jpg,MEL
ISIC_0061629.jpg,MEL
ISIC_0010350.jpg,MEL
ISIC_0064673.jpg,MEL
ISIC_0063664.jpg,MEL
ISIC_0060817.jpg,MEL
ISIC_0060937.jpg,MEL
ISIC_0056406.jpg,MEL
ISIC_0028198.jpg,MEL
ISIC_0062382.jpg,MEL
ISIC_0032993.jpg,MEL
ISIC_0061997.jpg,MEL
ISIC_0063181.jpg,MEL
ISIC_0058050.jpg,MEL
ISIC_0034064.jpg,MEL
ISIC_0071367.jpg,MEL
ISIC_0056902.jpg,MEL
ISIC_0064448.jpg,MEL
ISIC_0014862_downsampled.jpg,MEL
ISIC_0030107.jpg,MEL
ISIC_0068761.jpg,MEL
ISIC_0057344.jpg,MEL
ISIC_0069324.jpg,MEL
ISIC_0032526.jpg,MEL
ISIC_0059892.jpg,MEL
ISIC_0069077.jpg,MEL
ISIC_0059082.jpg,MEL
ISIC_0014369_downsampled.jpg,MEL
ISIC_0014434_downsampled.jpg,MEL
ISIC_0000054_downsampled.jpg,MEL
ISIC_0056790.jpg,MEL
ISIC_0068646.jpg,MEL
ISIC_0027900.jpg,MEL
ISIC_0072631.jpg,MEL
ISIC_0057702.jpg,MEL
ISIC_0032936.jpg,MEL
ISIC_0055008.jpg,MEL
ISIC_0057963.jpg,MEL
ISIC_0033638.jpg,MEL
ISIC_0061250.jpg,MEL
ISIC_0054198.jpg,MEL
ISIC_0025313.jpg,MEL
ISIC_0033546.jpg,MEL
ISIC_0061165.jpg,MEL
ISIC_0029453.jpg,MEL
ISIC_0062712.jpg,MEL
ISIC_0029397.jpg,MEL
ISIC_0027060.jpg,MEL
ISIC_0033051.jpg,MEL
ISIC_0054391.jpg,MEL
ISIC_0060508.jpg,MEL
ISIC_0000165.jpg,MEL
ISIC_0055249.jpg,MEL
ISIC_0064396.jpg,MEL
ISIC_0029913.jpg,MEL
ISIC_0071693.jpg,MEL
ISIC_0033616.jpg,MEL
ISIC_0025489.jpg,MEL
ISIC_0014920_downsampled.jpg,MEL
ISIC_0024918.jpg,MEL
ISIC_0059686.jpg,MEL
ISIC_0067395.jpg,MEL
ISIC_0072286.jpg,MEL
ISIC_0069068.jpg,MEL
ISIC_0027487.jpg,MEL
ISIC_0059593.jpg,MEL
ISIC_0057692.jpg,MEL
ISIC_0060979.jpg,MEL
ISIC_0027302.jpg,MEL
ISIC_0056422.jpg,MEL
ISIC_0059318.jpg,MEL
ISIC_0072424.jpg,MEL
ISIC_0000175.jpg,MEL
ISIC_0072371.jpg,MEL
ISIC_0068309.jpg,MEL
ISIC_0063464.jpg,MEL
ISIC_0066143.jpg,MEL
ISIC_0000166.jpg,MEL
ISIC_0012434_downsampled.jpg,MEL
ISIC_0064875.jpg,MEL
ISIC_0066423.jpg,MEL
ISIC_0032597.jpg,MEL
ISIC_0056710.jpg,MEL
ISIC_0071910.jpg,MEL
ISIC_0068614.jpg,MEL
ISIC_0063952.jpg,MEL
ISIC_0060465.jpg,MEL
ISIC_0057609.jpg,MEL
ISIC_0057147.jpg,MEL
ISIC_0027552.jpg,MEL
ISIC_0000281.jpg,MEL
ISIC_0033232.jpg,MEL
ISIC_0060248.jpg,MEL
ISIC_0063289.jpg,MEL
ISIC_0057782.jpg,MEL
ISIC_0071346.jpg,MEL
ISIC_0063492.jpg,MEL
ISIC_0055781.jpg,MEL
ISIC_0054599.jpg,MEL
ISIC_0060967.jpg,MEL
ISIC_0056346.jpg,MEL
ISIC_0060728.jpg,MEL
ISIC_0056063.jpg,MEL
ISIC_0031146.jpg,MEL
ISIC_0033300.jpg,MEL
ISIC_0059435.jpg,MEL
ISIC_0062162.jpg,MEL
ISIC_0057727.jpg,MEL
ISIC_0070805.jpg,MEL
ISIC_0067972.jpg,MEL
ISIC_0033312.jpg,MEL
ISIC_0071314.jpg,MEL
ISIC_0055046.jpg,MEL
ISIC_0064877.jpg,MEL
ISIC_0034118.jpg,MEL
ISIC_0059029.jpg,MEL
ISIC_0031529.jpg,MEL
ISIC_0072171.jpg,MEL
ISIC_0028003.jpg,MEL
ISIC_0057914.jpg,MEL
ISIC_0064342.jpg,MEL
ISIC_0071797.jpg,MEL
ISIC_0026369.jpg,MEL
ISIC_0034216.jpg,MEL
ISIC_0070160.jpg,MEL
ISIC_0058428.jpg,MEL
ISIC_0067857.jpg,MEL
ISIC_0068477.jpg,MEL
ISIC_0073097.jpg,MEL
ISIC_0067543.jpg,MEL
ISIC_0072441.jpg,MEL
ISIC_0064073.jpg,MEL
ISIC_0025265.jpg,MEL
ISIC_0062364.jpg,MEL
ISIC_0059866.jpg,MEL
ISIC_0028901.jpg,MEL
ISIC_0059229.jpg,MEL
ISIC_0059804.jpg,MEL
ISIC_0061761.jpg,MEL
ISIC_0065367.jpg,MEL
ISIC_0033166.jpg,MEL
ISIC_0033196.jpg,MEL
ISIC_0058753.jpg,MEL
ISIC_0031410.jpg,MEL
ISIC_0063992.jpg,MEL
ISIC_0059490.jpg,MEL
ISIC_0070061.jpg,MEL
ISIC_0056531.jpg,MEL
ISIC_0057716.jpg,MEL
ISIC_0056921.jpg,MEL
ISIC_0065006.jpg,MEL
ISIC_0056226.jpg,MEL
ISIC_0030575.jpg,MEL
ISIC_0058851.jpg,MEL
ISIC_0055282.jpg,MEL
ISIC_0060132.jpg,MEL
ISIC_0033779.jpg,MEL
ISIC_0063445.jpg,MEL
ISIC_0034107.jpg,MEL
ISIC_0033061.jpg,MEL
ISIC_0055451.jpg,MEL
ISIC_0064060.jpg,MEL
ISIC_0054544.jpg,MEL
ISIC_0072294.jpg,MEL
ISIC_0066412.jpg,MEL
ISIC_0059301.jpg,MEL
ISIC_0028537.jpg,MEL
ISIC_0028579.jpg,MEL
ISIC_0061709.jpg,MEL
ISIC_0066649.jpg,MEL
ISIC_0063945.jpg,MEL
ISIC_0068176.jpg,MEL
ISIC_0071119.jpg,MEL
ISIC_0027560.jpg,MEL
ISIC_0055440.jpg,MEL
ISIC_0033980.jpg,MEL
ISIC_0032638.jpg,MEL
ISIC_0061928.jpg,MEL
ISIC_0066354.jpg,MEL
ISIC_0033047.jpg,MEL
ISIC_0030747.jpg,MEL
ISIC_0031177.jpg,MEL
ISIC_0066136.jpg,MEL
ISIC_0060342.jpg,MEL
ISIC_0070938.jpg,MEL
ISIC_0033801.jpg,MEL
ISIC_0010364.jpg,MEL
ISIC_0028760.jpg,MEL
ISIC_0058453.jpg,MEL
ISIC_0025987.jpg,MEL
ISIC_0033180.jpg,MEL
ISIC_0058046.jpg,MEL
ISIC_0029937.jpg,MEL
ISIC_0066338.jpg,MEL
ISIC_0069864.jpg,MEL
ISIC_0068382.jpg,MEL
ISIC_0056232.jpg,MEL
ISIC_0061127.jpg,MEL
ISIC_0066603.jpg,MEL
ISIC_0015189_downsampled.jpg,MEL
ISIC_0027838.jpg,MEL
ISIC_0070065.jpg,MEL
ISIC_0059816.jpg,MEL
ISIC_0015071_downsampled.jpg,MEL
ISIC_0057898.jpg,MEL
ISIC_0071430.jpg,MEL
ISIC_0057913.jpg,MEL
ISIC_0071699.jpg,MEL
ISIC_0027793.jpg,MEL
ISIC_0065516.jpg,MEL
ISIC_0062547.jpg,MEL
ISIC_0067699.jpg,MEL
ISIC_0060386.jpg,MEL
ISIC_0032098.jpg,MEL
ISIC_0061265.jpg,MEL
ISIC_0033192.jpg,MEL
ISIC_0070352.jpg,MEL
ISIC_0067502.jpg,MEL
ISIC_0067417.jpg,MEL
ISIC_0055361.jpg,MEL
ISIC_0057771.jpg,MEL
ISIC_0024410.jpg,MEL
ISIC_0032917.jpg,MEL
ISIC_0057707.jpg,MEL
ISIC_0057631.jpg,MEL
ISIC_0014722_downsampled.jpg,MEL
ISIC_0064416.jpg,MEL
ISIC_0060653.jpg,MEL
ISIC_0060143.jpg,MEL
ISIC_0068515.jpg,MEL
ISIC_0031417.jpg,MEL
ISIC_0033962.jpg,MEL
ISIC_0071950.jpg,MEL
ISIC_0061833.jpg,MEL
ISIC_0014735_downsampled.jpg,MEL
ISIC_0063537.jpg,MEL
ISIC_0000172.jpg,MEL
ISIC_0063725.jpg,MEL
ISIC_0063373.jpg,MEL
ISIC_0031999.jpg,MEL
ISIC_0058000.jpg,MEL
ISIC_0071904.jpg,MEL
ISIC_0057009.jpg,MEL
ISIC_0059551.jpg,MEL
ISIC_0053533.jpg,MEL
ISIC_0032982.jpg,MEL
ISIC_0062970.jpg,MEL
ISIC_0064349.jpg,MEL
ISIC_0065969.jpg,MEL
ISIC_0068682.jpg,MEL
ISIC_0029281.jpg,MEL
ISIC_0064328.jpg,MEL
ISIC_0070521.jpg,MEL
ISIC_0032985.jpg,MEL
ISIC_0069791.jpg,MEL
ISIC_0063930.jpg,MEL
ISIC_0061713.jpg,MEL
ISIC_0032751.jpg,MEL
ISIC_0070852.jpg,MEL
ISIC_0053725.jpg,MEL
ISIC_0033368.jpg,MEL
ISIC_0014928_downsampled.jpg,MEL
ISIC_0065577.jpg,MEL
ISIC_0060218.jpg,MEL
ISIC_0067284.jpg,MEL
ISIC_0028718.jpg,MEL
ISIC_0010358.jpg,MEL
ISIC_0066600.jpg,MEL
ISIC_0032603.jpg,MEL
ISIC_0053985.jpg,MEL
ISIC_0071192.jpg,MEL
ISIC_0014987_downsampled.jpg,MEL
ISIC_0062468.jpg,MEL
ISIC_0070752.jpg,MEL
ISIC_0057496.jpg,MEL
ISIC_0055167.jpg,MEL
ISIC_0066109.jpg,MEL
ISIC_0060994.jpg,MEL
ISIC_0009927.jpg,MEL
ISIC_0056739.jpg,MEL
ISIC_0060080.jpg,MEL
ISIC_0064982.jpg,MEL
ISIC_0063521.jpg,MEL
ISIC_0033911.jpg,MEL
ISIC_0062084.jpg,MEL
ISIC_0032925.jpg,MEL
ISIC_0030521.jpg,MEL
ISIC_0024688.jpg,MEL
ISIC_0033881.jpg,MEL
ISIC_0063271.jpg,MEL
ISIC_0053742.jpg,MEL
ISIC_0058887.jpg,MEL
ISIC_0063836.jpg,MEL
ISIC_0033216.jpg,MEL
ISIC_0059141.jpg,MEL
ISIC_0064742.jpg,MEL
ISIC_0057374.jpg,MEL
ISIC_0065582.jpg,MEL
ISIC_0032569.jpg,MEL
ISIC_0061369.jpg,MEL
ISIC_0029562.jpg,MEL
ISIC_0058418.jpg,MEL
ISIC_0058367.jpg,MEL
ISIC_0059608.jpg,MEL
ISIC_0071257.jpg,MEL
ISIC_0059786.jpg,MEL
ISIC_0032653.jpg,MEL
ISIC_0063172.jpg,MEL
ISIC_0062407.jpg,MEL
ISIC_0000159.jpg,MEL
ISIC_0000013.jpg,MEL
ISIC_0060713.jpg,MEL
ISIC_0034036.jpg,MEL
ISIC_0054159.jpg,MEL
ISIC_0060703.jpg,MEL
ISIC_0063493.jpg,MEL
ISIC_0000176_downsampled.jpg,MEL
ISIC_0055079.jpg,MEL
ISIC_0072989.jpg,MEL
ISIC_0059433.jpg,MEL
ISIC_0028126.jpg,MEL
ISIC_0057534.jpg,MEL
ISIC_0063081.jpg,MEL
ISIC_0026094.jpg,MEL
ISIC_0072382.jpg,MEL
ISIC_0065313.jpg,MEL
ISIC_0058496.jpg,MEL
ISIC_0025964.jpg,MEL
ISIC_0012208_downsampled.jpg,MEL
ISIC_0015206_downsampled.jpg,MEL
ISIC_0072691.jpg,MEL
ISIC_0013936_downsampled.jpg,MEL
ISIC_0024962.jpg,MEL
ISIC_0058448.jpg,MEL
ISIC_0064481.jpg,MEL
ISIC_0000043_downsampled.jpg,MEL
ISIC_0072271.jpg,MEL
ISIC_0010225.jpg,MEL
ISIC_0066240.jpg,MEL
ISIC_0032887.jpg,MEL
ISIC_0061067.jpg,MEL
ISIC_0010360.jpg,MEL
ISIC_0069029.jpg,MEL
ISIC_0065305.jpg,MEL
ISIC_0072348.jpg,MEL
ISIC_0026438.jpg,MEL
ISIC_0066470.jpg,MEL
ISIC_0062702.jpg,MEL
ISIC_0053686.jpg,MEL
ISIC_0066867.jpg,MEL
ISIC_0064874.jpg,MEL
ISIC_0060955.jpg,MEL
ISIC_0026506.jpg,MEL
ISIC_0071470.jpg,MEL
ISIC_0067418.jpg,MEL
ISIC_0028326.jpg,MEL
ISIC_0032626.jpg,MEL
ISIC_0062912.jpg,MEL
ISIC_0073075.jpg,MEL
ISIC_0059216.jpg,MEL
ISIC_0010094.jpg,MEL
ISIC_0033687.jpg,MEL
ISIC_0071865.jpg,MEL
ISIC_0055680.jpg,MEL
ISIC_0064279.jpg,MEL
ISIC_0056554.jpg,MEL
ISIC_0033522.jpg,MEL
ISIC_0071017.jpg,MEL
ISIC_0053691.jpg,MEL
ISIC_0066408.jpg,MEL
ISIC_0033154.jpg,MEL
ISIC_0071458.jpg,MEL
ISIC_0060624.jpg,MEL
ISIC_0071408.jpg,MEL
ISIC_0029033.jpg,MEL
ISIC_0068700.jpg,MEL
ISIC_0065727.jpg,MEL
ISIC_0024516.jpg,MEL
ISIC_0058836.jpg,MEL
ISIC_0034222.jpg,MEL
ISIC_0029606.jpg,MEL
ISIC_0055181.jpg,MEL
ISIC_0064321.jpg,MEL
ISIC_0070778.jpg,MEL
ISIC_0071972.jpg,MEL
ISIC_0069558.jpg,MEL
ISIC_0027102.jpg,MEL
ISIC_0072844.jpg,MEL
ISIC_0061684.jpg,MEL
ISIC_0058151.jpg,MEL
ISIC_0065341.jpg,MEL
ISIC_0064676.jpg,MEL
ISIC_0063980.jpg,MEL
ISIC_0067183.jpg,MEL
ISIC_0062891.jpg,MEL
ISIC_0033476.jpg,MEL
ISIC_0067008.jpg,MEL
ISIC_0071138.jpg,MEL
ISIC_0066421.jpg,MEL
ISIC_0062141.jpg,MEL
ISIC_0013702_downsampled.jpg,MEL
ISIC_0072375.jpg,MEL
ISIC_0055276.jpg,MEL
ISIC_0067914.jpg,MEL
ISIC_0057089.jpg,MEL
ISIC_0053492.jpg,MEL
ISIC_0061685.jpg,MEL
ISIC_0033947.jpg,MEL
ISIC_0024367.jpg,MEL
ISIC_0061630.jpg,MEL
ISIC_0033302.jpg,MEL
ISIC_0027663.jpg,MEL
ISIC_0061926.jpg,MEL
ISIC_0068548.jpg,MEL
ISIC_0033805.jpg,MEL
ISIC_0060114.jpg,MEL
ISIC_0070593.jpg,MEL
ISIC_0011344.jpg,MEL
ISIC_0056113.jpg,MEL
ISIC_0066154.jpg,MEL
ISIC_0068495.jpg,MEL
ISIC_0063002.jpg,MEL
ISIC_0070217.jpg,MEL
ISIC_0058408.jpg,MEL
ISIC_0060760.jpg,MEL
ISIC_0064344.jpg,MEL
ISIC_0026352.jpg,MEL
ISIC_0071132.jpg,MEL
ISIC_0054568.jpg,MEL
ISIC_0054025.jpg,MEL
ISIC_0067891.jpg,MEL
ISIC_0033279.jpg,MEL
ISIC_0064201.jpg,MEL
ISIC_0067949.jpg,MEL
ISIC_0056799.jpg,MEL
ISIC_0033479.jpg,MEL
ISIC_0059703.jpg,MEL
ISIC_0061315.jpg,MEL
ISIC_0061404.jpg,MEL
ISIC_0062155.jpg,MEL
ISIC_0071834.jpg,MEL
ISIC_0055003.jpg,MEL
ISIC_0063394.jpg,MEL
ISIC_0000314.jpg,MEL
ISIC_0066085.jpg,MEL
ISIC_0060656.jpg,MEL
ISIC_0071558.jpg,MEL
ISIC_0071959.jpg,MEL
ISIC_0063727.jpg,MEL
ISIC_0064623.jpg,MEL
ISIC_0059148.jpg,MEL
ISIC_0068000.jpg,MEL
ISIC_0069402.jpg,MEL
ISIC_0059421.jpg,MEL
ISIC_0000162.jpg,MEL
ISIC_0061002.jpg,MEL
ISIC_0029885.jpg,MEL
ISIC_0061300.jpg,MEL
ISIC_0062505.jpg,MEL
ISIC_0069093.jpg,MEL
ISIC_0032533.jpg,MEL
ISIC_0033871.jpg,MEL
ISIC_0027277.jpg,MEL
ISIC_0028642.jpg,MEL
ISIC_0070327.jpg,MEL
ISIC_0033099.jpg,MEL
ISIC_0053531.jpg,MEL
ISIC_0064023.jpg,MEL
ISIC_0033804.jpg,MEL
ISIC_0032207.jpg,MEL
ISIC_0064455.jpg,MEL
ISIC_0064632.jpg,MEL
ISIC_0062114.jpg,MEL
ISIC_0063362.jpg,MEL
ISIC_0060033.jpg,MEL
ISIC_0026475.jpg,MEL
ISIC_0071771.jpg,MEL
ISIC_0059879.jpg,MEL
ISIC_0065550.jpg,MEL
ISIC_0025708.jpg,MEL
ISIC_0063367.jpg,MEL
ISIC_0061705.jpg,MEL
ISIC_0061362.jpg,MEL
ISIC_0032955.jpg,MEL
ISIC_0067549.jpg,MEL
ISIC_0064110.jpg,MEL
ISIC_0072495.jpg,MEL
ISIC_0056615.jpg,MEL
ISIC_0063180.jpg,MEL
ISIC_0072078.jpg,MEL
ISIC_0065864.jpg,MEL
ISIC_0026571.jpg,MEL
ISIC_0028069.jpg,MEL
ISIC_0000026_downsampled.jpg,MEL
ISIC_0063207.jpg,MEL
ISIC_0060978.jpg,MEL
ISIC_0015109_downsampled.jpg,MEL
ISIC_0054624.jpg,MEL
ISIC_0063617.jpg,MEL
ISIC_0054974.jpg,MEL
ISIC_0001128_downsampled.jpg,MEL
ISIC_0064656.jpg,MEL
ISIC_0073147.jpg,MEL
ISIC_0000074.jpg,MEL
ISIC_0032723.jpg,MEL
ISIC_0067969.jpg,MEL
ISIC_0063691.jpg,MEL
ISIC_0053659.jpg,MEL
ISIC_0057370.jpg,MEL
ISIC_0055359.jpg,MEL
ISIC_0061163.jpg,MEL
ISIC_0054284.jpg,MEL
ISIC_0053846.jpg,MEL
ISIC_0072865.jpg,MEL
ISIC_0032637.jpg,MEL
ISIC_0057244.jpg,MEL
ISIC_0072896.jpg,MEL
ISIC_0053510.jpg,MEL
ISIC_0061066.jpg,MEL
ISIC_0010852.jpg,MEL
ISIC_0056041.jpg,MEL
ISIC_0028082.jpg,MEL
ISIC_0032610.jpg,MEL
ISIC_0064761.jpg,MEL
ISIC_0033986.jpg,MEL
ISIC_0063425.jpg,MEL
ISIC_0033004.jpg,MEL
ISIC_0012099_downsampled.jpg,MEL
ISIC_0058098.jpg,MEL
ISIC_0058599.jpg,MEL
ISIC_0066237.jpg,MEL
ISIC_0026909.jpg,MEL
ISIC_0061884.jpg,MEL
ISIC_0032853.jpg,NV
ISIC_0070226.jpg,NV
ISIC_0033094.jpg,NV
ISIC_0070548.jpg,NV
ISIC_0024384.jpg,NV
ISIC_0069619.jpg,NV
ISIC_0069356.jpg,NV
ISIC_0065319.jpg,NV
ISIC_0062034.jpg,NV
ISIC_0029797.jpg,NV
ISIC_0031748.jpg,NV
ISIC_0059240.jpg,NV
ISIC_0032333.jpg,NV
ISIC_0067763.jpg,NV
ISIC_0024609.jpg,NV
ISIC_0033669.jpg,NV
ISIC_0031231.jpg,NV
ISIC_0069124.jpg,NV
ISIC_0012205_downsampled.jpg,NV
ISIC_0060253.jpg,NV
ISIC_0055077.jpg,NV
ISIC_0027709.jpg,NV
ISIC_0029234.jpg,NV
ISIC_0026162.jpg,NV
ISIC_0055066.jpg,NV
ISIC_0032885.jpg,NV
ISIC_0000235.jpg,NV
ISIC_0010603.jpg,NV
ISIC_0009505_downsampled.jpg,NV
ISIC_0014114_downsampled.jpg,NV
ISIC_0033976.jpg,NV
ISIC_0028458.jpg,NV
ISIC_0063765.jpg,NV
ISIC_0066222.jpg,NV
ISIC_0026052.jpg,NV
ISIC_0030313.jpg,NV
ISIC_0027519.jpg,NV
ISIC_0070317.jpg,NV
ISIC_0029528.jpg,NV
ISIC_0032628.jpg,NV
ISIC_0056359.jpg,NV
ISIC_0072650.jpg,NV
ISIC_0030590.jpg,NV
ISIC_0061975.jpg,NV
ISIC_0030434.jpg,NV
ISIC_0000368.jpg,NV
ISIC_0024986.jpg,NV
ISIC_0069798.jpg,NV
ISIC_0000064_downsampled.jpg,NV
ISIC_0008552_downsampled.jpg,NV
ISIC_0067974.jpg,NV
ISIC_0033314.jpg,NV
ISIC_0029739.jpg,NV
ISIC_0003051_downsampled.jpg,NV
ISIC_0012256_downsampled.jpg,NV
ISIC_0056393.jpg,NV
ISIC_0067002.jpg,NV
ISIC_0054238.jpg,NV
ISIC_0029140.jpg,NV
ISIC_0026659.jpg,NV
ISIC_0032721.jpg,NV
ISIC_0033070.jpg,NV
ISIC_0032710.jpg,NV
ISIC_0032540.jpg,NV
ISIC_0058627.jpg,NV
ISIC_0059494.jpg,NV
ISIC_0059454.jpg,NV
ISIC_0033364.jpg,NV
ISIC_0010573.jpg,NV
ISIC_0029955.jpg,NV
ISIC_0060351.jpg,NV
ISIC_0024458.jpg,NV
ISIC_0025523.jpg,NV
ISIC_0030651.jpg,NV
ISIC_0053929.jpg,NV
ISIC_0034228.jpg,NV
ISIC_0024725.jpg,NV
ISIC_0012406_downsampled.jpg,NV
ISIC_0024532.jpg,NV
ISIC_0026210.jpg,NV
ISIC_0002453_downsampled.jpg,NV
ISIC_0059824.jpg,NV
ISIC_0031631.jpg,NV
ISIC_0055308.jpg,NV
ISIC_0055470.jpg,NV
ISIC_0067358.jpg,NV
ISIC_0069992.jpg,NV
ISIC_0029482.jpg,NV
ISIC_0069157.jpg,NV
ISIC_0062785.jpg,NV
ISIC_0032633.jpg,NV
ISIC_0031732.jpg,NV
ISIC_0064467.jpg,NV
ISIC_0032635.jpg,NV
ISIC_0031618.jpg,NV
ISIC_0055187.jpg,NV
ISIC_0028139.jpg,NV
ISIC_0057925.jpg,NV
ISIC_0025300.jpg,NV
ISIC_0024778.jpg,NV
ISIC_0057605.jpg,NV
ISIC_0072635.jpg,NV
ISIC_0025723.jpg,NV
ISIC_0000186_downsampled.jpg,NV
ISIC_0034038.jpg,NV
ISIC_0062701.jpg,NV
ISIC_0060001.jpg,NV
ISIC_0062304.jpg,NV
ISIC_0031886.jpg,NV
ISIC_0000190.jpg,NV
ISIC_0061574.jpg,NV
ISIC_0059287.jpg,NV
ISIC_0025536.jpg,NV
ISIC_0059468.jpg,NV
ISIC_0034298.jpg,NV
ISIC_0064955.jpg,NV
ISIC_0025839.jpg,NV
ISIC_0060457.jpg,NV
ISIC_0073008.jpg,NV
ISIC_0029354.jpg,NV
ISIC_0032575.jpg,NV
ISIC_0013898_downsampled.jpg,NV
ISIC_0064932.jpg,NV
ISIC_0059933.jpg,NV
ISIC_0059001.jpg,NV
ISIC_0056679.jpg,NV
ISIC_0000019_downsampled.jpg,NV
ISIC_0015411_downsampled.jpg,NV
ISIC_0033145.jpg,NV
ISIC_0014866_downsampled.jpg,NV
ISIC_0026214.jpg,NV
ISIC_0054909.jpg,NV
ISIC_0032900.jpg,NV
ISIC_0024902.jpg,NV
ISIC_0060628.jpg,NV
ISIC_0034111.jpg,NV
ISIC_0029952.jpg,NV
ISIC_0028485.jpg,NV
ISIC_0028594.jpg,NV
ISIC_0011208.jpg,NV
ISIC_0058886.jpg,NV
ISIC_0028226.jpg,NV
ISIC_0034029.jpg,NV
ISIC_0059504.jpg,NV
ISIC_0024530.jpg,NV
ISIC_0025442.jpg,NV
ISIC_0010347.jpg,NV
ISIC_0070712.jpg,NV
ISIC_0056342.jpg,NV
ISIC_0025022.jpg,NV
ISIC_0068061.jpg,NV
ISIC_0027431.jpg,NV
ISIC_0055715.jpg,NV
ISIC_0014778_downsampled.jpg,NV
ISIC_0000068.jpg,NV
ISIC_0054758.jpg,NV
ISIC_0055410.jpg,NV
ISIC_0056541.jpg,NV
ISIC_0067323.jpg,NV
ISIC_0032966.jpg,NV
ISIC_0054446.jpg,NV
ISIC_0028045.jpg,NV
ISIC_0053551.jpg,NV
ISIC_0032951.jpg,NV
ISIC_0024991.jpg,NV
ISIC_0063924.jpg,NV
ISIC_0056369.jpg,NV
ISIC_0031347.jpg,NV
ISIC_0054327.jpg,NV
ISIC_0062265.jpg,NV
ISIC_0057793.jpg,NV
ISIC_0071738.jpg,NV
ISIC_0030438.jpg,NV
ISIC_0025216.jpg,NV
ISIC_0001449_downsampled.jpg,NV
ISIC_0030889.jpg,NV
ISIC_0027910.jpg,NV
ISIC_0033921.jpg,NV
ISIC_0059539.jpg,NV
ISIC_0025078.jpg,NV
ISIC_0025720.jpg,NV
ISIC_0032525.jpg,NV
ISIC_0011215.jpg,NV
ISIC_0060667.jpg,NV
ISIC_0072179.jpg,NV
ISIC_0003308_downsampled.jpg,NV
ISIC_0029941.jpg,NV
ISIC_0028602.jpg,NV
ISIC_0000316.jpg,NV
ISIC_0027501.jpg,NV
ISIC_0033826.jpg,NV
ISIC_0030355.jpg,NV
ISIC_0000372.jpg,NV
ISIC_0064698.jpg,NV
ISIC_0058231.jpg,NV
ISIC_0026878.jpg,NV
ISIC_0071881.jpg,NV
ISIC_0026665.jpg,NV
ISIC_0071585.jpg,NV
ISIC_0024536.jpg,NV
ISIC_0058871.jpg,NV
ISIC_0013689_downsampled.jpg,NV
ISIC_0063495.jpg,NV
ISIC_0010346.jpg,NV
ISIC_0027001.jpg,NV
ISIC_0030337.jpg,NV
ISIC_0066339.jpg,NV
ISIC_0024974.jpg,NV
ISIC_0031981.jpg,NV
ISIC_0069565.jpg,NV
ISIC_0056993.jpg,NV
ISIC_0031180.jpg,NV
ISIC_0072526.jpg,NV
ISIC_0014843_downsampled.jpg,NV
ISIC_0028064.jpg,NV
ISIC_0057940.jpg,NV
ISIC_0065995.jpg,NV
ISIC_0002976_downsampled.jpg,NV
ISIC_0030038.jpg,NV
ISIC_0027491.jpg,NV
ISIC_0024712.jpg,NV
ISIC_0067282.jpg,NV
ISIC_0025177.jpg,NV
ISIC_0025380.jpg,NV
ISIC_0032792.jpg,NV
ISIC_0071177.jpg,NV
ISIC_0030074.jpg,NV
ISIC_0010010.jpg,NV
ISIC_0028475.jpg,NV
ISIC_0073072.jpg,NV
ISIC_0028242.jpg,NV
ISIC_0066149.jpg,NV
ISIC_0071284.jpg,NV
ISIC_0033909.jpg,NV
ISIC_0064304.jpg,NV
ISIC_0034078.jpg,NV
ISIC_0026757.jpg,NV
ISIC_0028149.jpg,NV
ISIC_0007087_downsampled.jpg,NV
ISIC_0070631.jpg,NV
ISIC_0013961_downsampled.jpg,NV
ISIC_0072329.jpg,NV
ISIC_0058570.jpg,NV
ISIC_0009869.jpg,NV
ISIC_0027938.jpg,NV
ISIC_0026913.jpg,NV
ISIC_0033657.jpg,NV
ISIC_0015976_downsampled.jpg,NV
ISIC_0066042.jpg,NV
ISIC_0034250.jpg,NV
ISIC_0059278.jpg,NV
ISIC_0026666.jpg,NV
ISIC_0061651.jpg,NV
ISIC_0054077.jpg,NV
ISIC_0028101.jpg,NV
ISIC_0010585.jpg,NV
ISIC_0065204.jpg,NV
ISIC_0064954.jpg,NV
ISIC_0071547.jpg,NV
ISIC_0030930.jpg,NV
ISIC_0057153.jpg,NV
ISIC_0033032.jpg,NV
ISIC_0027341.jpg,NV
ISIC_0062777.jpg,NV
ISIC_0058979.jpg,NV
ISIC_0009297_downsampled.jpg,NV
ISIC_0029027.jpg,NV
ISIC_0028332.jpg,NV
ISIC_0029928.jpg,NV
ISIC_0029904.jpg,NV
ISIC_0032145.jpg,NV
ISIC_0028843.jpg,NV
ISIC_0057829.jpg,NV
ISIC_0024524.jpg,NV
ISIC_0056442.jpg,NV
ISIC_0029277.jpg,NV
ISIC_0058835.jpg,NV
ISIC_0062198.jpg,NV
ISIC_0031521.jpg,NV
ISIC_0030033.jpg,NV
ISIC_0054277.jpg,NV
ISIC_0027733.jpg,NV
ISIC_0067672.jpg,NV
ISIC_0025977.jpg,NV
ISIC_0071292.jpg,NV
ISIC_0026795.jpg,NV
ISIC_0025841.jpg,NV
ISIC_0029091.jpg,NV
ISIC_0030301.jpg,NV
ISIC_0010075.jpg,NV
ISIC_0063639.jpg,NV
ISIC_0011203.jpg,NV
ISIC_0072777.jpg,NV
ISIC_0072604.jpg,NV
ISIC_0009889.jpg,NV
ISIC_0026415.jpg,NV
ISIC_0072033.jpg,NV
ISIC_0057102.jpg,NV
ISIC_0032510.jpg,NV
ISIC_0031076.jpg,NV
ISIC_0030284.jpg,NV
ISIC_0072578.jpg,NV
ISIC_0072335.jpg,NV
ISIC_0033018.jpg,NV
ISIC_0031054.jpg,NV
ISIC_0012713_downsampled.jpg,NV
ISIC_0055129.jpg,NV
ISIC_0004309_downsampled.jpg,NV
ISIC_0024591.jpg,NV
ISIC_0032282.jpg,NV
ISIC_0025626.jpg,NV
ISIC_0029445.jpg,NV
ISIC_0060263.jpg,NV
ISIC_0024542.jpg,NV
ISIC_0031354.jpg,NV
ISIC_0014849_downsampled.jpg,NV
ISIC_0063321.jpg,NV
ISIC_0072941.jpg,NV
ISIC_0033409.jpg,NV
ISIC_0062404.jpg,NV
ISIC_0055829.jpg,NV
ISIC_0013433_downsampled.jpg,NV
ISIC_0012496_downsampled.jpg,NV
ISIC_0068293.jpg,NV
ISIC_0032851.jpg,NV
ISIC_0015030_downsampled.jpg,NV
ISIC_0057287.jpg,NV
ISIC_0071493.jpg,NV
ISIC_0014365_downsampled.jpg,NV
ISIC_0030373.jpg,NV
ISIC_0027787.jpg,NV
ISIC_0030082.jpg,NV
ISIC_0029845.jpg,NV
ISIC_0056708.jpg,NV
ISIC_0069549.jpg,NV
ISIC_0073207.jpg,NV
ISIC_0054639.jpg,NV
ISIC_0055695.jpg,NV
ISIC_0069691.jpg,NV
ISIC_0000199.jpg,NV
ISIC_0028110.jpg,NV
ISIC_0059619.jpg,NV
ISIC_0058353.jpg,NV
ISIC_0026816.jpg,NV
ISIC_0028576.jpg,NV
ISIC_0061850.jpg,NV
ISIC_0034237.jpg,NV
ISIC_0073056.jpg,NV
ISIC_0065672.jpg,NV
ISIC_0030990.jpg,NV
ISIC_0033891.jpg,NV
ISIC_0068351.jpg,NV
ISIC_0033637.jpg,NV
ISIC_0011343.jpg,NV
ISIC_0071432.jpg,NV
ISIC_0033915.jpg,NV
ISIC_0033572.jpg,NV
ISIC_0058073.jpg,NV
ISIC_0069805.jpg,NV
ISIC_0067474.jpg,NV
ISIC_0030587.jpg,NV
ISIC_0005787_downsampled.jpg,NV
ISIC_0067550.jpg,NV
ISIC_0067906.jpg,NV
ISIC_0001852_downsampled.jpg,NV
ISIC_0067292.jpg,NV
ISIC_0024876.jpg,NV
ISIC_0070252.jpg,NV
ISIC_0056846.jpg,NV
ISIC_0069035.jpg,NV
ISIC_0015360_downsampled.jpg,NV
ISIC_0013192_downsampled.jpg,NV
ISIC_0055983.jpg,NV
ISIC_0054357.jpg,NV
ISIC_0028014.jpg,NV
ISIC_0032585.jpg,NV
ISIC_0027456.jpg,NV
ISIC_0024394.jpg,NV
ISIC_0029194.jpg,NV
ISIC_0068210.jpg,NV
ISIC_0073080.jpg,NV
ISIC_0058442.jpg,NV
ISIC_0067613.jpg,NV
ISIC_0015155_downsampled.jpg,NV
ISIC_0068703.jpg,NV
ISIC_0025586.jpg,NV
ISIC_0033689.jpg,NV
ISIC_0016051_downsampled.jpg,NV
ISIC_0058965.jpg,NV
ISIC_0013416_downsampled.jpg,NV
ISIC_0064011.jpg,NV
ISIC_0002871_downsampled.jpg,NV
ISIC_0028488.jpg,NV
ISIC_0062132.jpg,NV
ISIC_0025888.jpg,NV
ISIC_0033743.jpg,NV
ISIC_0064260.jpg,NV
ISIC_0031994.jpg,NV
ISIC_0070038.jpg,NV
ISIC_0033992.jpg,NV
ISIC_0027891.jpg,NV
ISIC_0027075.jpg,NV
ISIC_0070698.jpg,NV
ISIC_0057443.jpg,NV
ISIC_0024994.jpg,NV
ISIC_0068078.jpg,NV
ISIC_0000366.jpg,NV
ISIC_0034039.jpg,NV
ISIC_0010071.jpg,NV
ISIC_0072717.jpg,NV
ISIC_0032571.jpg,NV
ISIC_0028909.jpg,NV
ISIC_0062513.jpg,NV
ISIC_0033331.jpg,NV
ISIC_0026601.jpg,NV
ISIC_0028470.jpg,NV
ISIC_0013749_downsampled.jpg,NV
ISIC_0000181_downsampled.jpg,NV
ISIC_0026488.jpg,NV
ISIC_0058772.jpg,NV
ISIC_0031744.jpg,NV
ISIC_0057269.jpg,NV
ISIC_0026021.jpg,NV
ISIC_0000331.jpg,NV
ISIC_0062783.jpg,NV
ISIC_0031219.jpg,NV
ISIC_0026110.jpg,NV
ISIC_0065713.jpg,NV
ISIC_0028884.jpg,NV
ISIC_0065794.jpg,NV
ISIC_0031323.jpg,NV
ISIC_0024433.jpg,NV
ISIC_0031220.jpg,NV
ISIC_0030398.jpg,NV
ISIC_0027621.jpg,NV
ISIC_0059526.jpg,NV
ISIC_0025747.jpg,NV
ISIC_0027360.jpg,NV
ISIC_0007241_downsampled.jpg,NV
ISIC_0031703.jpg,NV
ISIC_0062647.jpg,NV
ISIC_0034229.jpg,NV
ISIC_0061847.jpg,NV
ISIC_0026289.jpg,NV
ISIC_0008236_downsampled.jpg,NV
ISIC_0010063.jpg,NV
ISIC_0069686.jpg,NV
ISIC_0028756.jpg,NV
ISIC_0015023_downsampled.jpg,NV
ISIC_0034215.jpg,NV
ISIC_0058054.jpg,NV
ISIC_0061403.jpg,NV
ISIC_0025448.jpg,NV
ISIC_0059527.jpg,NV
ISIC_0029756.jpg,NV
ISIC_0012333_downsampled.jpg,NV
ISIC_0026451.jpg,NV
ISIC_0065223.jpg,NV
ISIC_0025012.jpg,NV
ISIC_0066967.jpg,NV
ISIC_0072005.jpg,NV
ISIC_0002780_downsampled.jpg,NV
ISIC_0031694.jpg,NV
ISIC_0012261_downsampled.jpg,NV
ISIC_0062422.jpg,NV
ISIC_0033296.jpg,NV
ISIC_0025717.jpg,NV
ISIC_0030128.jpg,NV
ISIC_0025854.jpg,NV
ISIC_0010553.jpg,NV
ISIC_0001184_downsampled.jpg,NV
ISIC_0056552.jpg,NV
ISIC_0024944.jpg,NV
ISIC_0010238.jpg,NV
ISIC_0065158.jpg,NV
ISIC_0028729.jpg,NV
ISIC_0024899.jpg,NV
ISIC_0027285.jpg,NV
ISIC_0032905.jpg,NV
ISIC_0069288.jpg,NV
ISIC_0030432.jpg,NV
ISIC_0008541_downsampled.jpg,NV
ISIC_0000057_downsampled.jpg,NV
ISIC_0015990_downsampled.jpg,NV
ISIC_0030097.jpg,NV
ISIC_0026724.jpg,NV
ISIC_0027547.jpg,NV
ISIC_0030046.jpg,NV
ISIC_0026406.jpg,NV
ISIC_0032996.jpg,NV
ISIC_0054850.jpg,NV
ISIC_0006815_downsampled.jpg,NV
ISIC_0070782.jpg,NV
ISIC_0054510.jpg,NV
ISIC_0063092.jpg,NV
ISIC_0025988.jpg,NV
ISIC_0061639.jpg,NV
ISIC_0056989.jpg,NV
ISIC_0000052_downsampled.jpg,NV
ISIC_0032668.jpg,NV
ISIC_0030362.jpg,NV
ISIC_0030206.jpg,NV
ISIC_0028422.jpg,NV
ISIC_0069634.jpg,NV
ISIC_0024917.jpg,NV
ISIC_0026616.jpg,NV
ISIC_0026852.jpg,NV
ISIC_0063966.jpg,NV
ISIC_0062485.jpg,NV
ISIC_0055416.jpg,NV
ISIC_0068964.jpg,NV
ISIC_0032242.jpg,NV
ISIC_0068855.jpg,NV
ISIC_0053881.jpg,NV
ISIC_0032261.jpg,NV
ISIC_0073193.jpg,NV
ISIC_0058099.jpg,NV
ISIC_0064994.jpg,NV
ISIC_0061082.jpg,NV
ISIC_0007322_downsampled.jpg,NV
ISIC_0026818.jpg,NV
ISIC_0031910.jpg,NV
ISIC_0025198.jpg,NV
ISIC_0028918.jpg,NV
ISIC_0025229.jpg,NV
ISIC_0028030.jpg,NV
ISIC_0027897.jpg,NV
ISIC_0024780.jpg,NV
ISIC_0068684.jpg,NV
ISIC_0009932.jpg,NV
ISIC_0010220.jpg,NV
ISIC_0067797.jpg,NV
ISIC_0027415.jpg,NV
ISIC_0015965_downsampled.jpg,NV
ISIC_0058652.jpg,NV
ISIC_0026010.jpg,NV
ISIC_0010255.jpg,NV
ISIC_0062272.jpg,NV
ISIC_0028184.jpg,NV
ISIC_0030058.jpg,NV
ISIC_0071181.jpg,NV
ISIC_0025607.jpg,NV
ISIC_0015641_downsampled.jpg,NV
ISIC_0026181.jpg,NV
ISIC_0025726.jpg,NV
ISIC_0030162.jpg,NV
ISIC_0061506.jpg,NV
ISIC_0010257.jpg,NV
ISIC_0033126.jpg,NV
ISIC_0026401.jpg,NV
ISIC_0053675.jpg,NV
ISIC_0025090.jpg,NV
ISIC_0026838.jpg,NV
ISIC_0031302.jpg,NV
ISIC_0058090.jpg,NV
ISIC_0061860.jpg,NV
ISIC_0030558.jpg,NV
ISIC_0065924.jpg,NV
ISIC_0031798.jpg,NV
ISIC_0066926.jpg,NV
ISIC_0031361.jpg,NV
ISIC_0029936.jpg,NV
ISIC_0062997.jpg,NV
ISIC_0034001.jpg,NV
ISIC_0034190.jpg,NV
ISIC_0033554.jpg,NV
ISIC_0032354.jpg,NV
ISIC_0029783.jpg,NV
ISIC_0009899.jpg,NV
ISIC_0031726.jpg,NV
ISIC_0067476.jpg,NV
ISIC_0032926.jpg,NV
ISIC_0025602.jpg,NV
ISIC_0027757.jpg,NV
ISIC_0058417.jpg,NV
ISIC_0026987.jpg,NV
ISIC_0027532.jpg,NV
ISIC_0067348.jpg,NV
ISIC_0060730.jpg,NV
ISIC_0057660.jpg,NV
ISIC_0058035.jpg,NV
ISIC_0070126.jpg,NV
ISIC_0033076.jpg,NV
ISIC_0024686.jpg,NV
ISIC_0029767.jpg,NV
ISIC_0058446.jpg,NV
ISIC_0062173.jpg,NV
ISIC_0072668.jpg,NV
ISIC_0028699.jpg,NV
ISIC_0067514.jpg,NV
ISIC_0070175.jpg,NV
ISIC_0062880.jpg,NV
ISIC_0032786.jpg,NV
ISIC_0059303.jpg,NV
ISIC_0031267.jpg,NV
ISIC_0070353.jpg,NV
ISIC_0033777.jpg,NV
ISIC_0026875.jpg,NV
ISIC_0033084.jpg,NV
ISIC_0054891.jpg,NV
ISIC_0059846.jpg,NV
ISIC_0012413_downsampled.jpg,NV
ISIC_0028966.jpg,NV
ISIC_0002975_downsampled.jpg,NV
ISIC_0062548.jpg,NV
ISIC_0028145.jpg,NV
ISIC_0025308.jpg,NV
ISIC_0033281.jpg,NV
ISIC_0032573.jpg,NV
ISIC_0002374_downsampled.jpg,NV
ISIC_0032855.jpg,NV
ISIC_0064509.jpg,NV
ISIC_0027755.jpg,NV
ISIC_0069039.jpg,NV
ISIC_0034091.jpg,NV
ISIC_0029365.jpg,NV
ISIC_0011303.jpg,NV
ISIC_0031497.jpg,NV
ISIC_0033699.jpg,NV
ISIC_0027222.jpg,NV
ISIC_0056540.jpg,NV
ISIC_0034179.jpg,NV
ISIC_0063932.jpg,NV
ISIC_0015003_downsampled.jpg,NV
ISIC_0068494.jpg,NV
ISIC_0027619.jpg,NV
ISIC_0010552.jpg,NV
ISIC_0028500.jpg,NV
ISIC_0031921.jpg,NV
ISIC_0072046.jpg,NV
ISIC_0060066.jpg,NV
ISIC_0002438_downsampled.jpg,NV
ISIC_0013197_downsampled.jpg,NV
ISIC_0029380.jpg,NV
ISIC_0060089.jpg,NV
ISIC_0029189.jpg,NV
ISIC_0015416_downsampled.jpg,NV
ISIC_0014755_downsampled.jpg,NV
ISIC_0068807.jpg,NV
ISIC_0000212.jpg,NV
ISIC_0027539.jpg,NV
ISIC_0055885.jpg,NV
ISIC_0057240.jpg,NV
ISIC_0032368.jpg,NV
ISIC_0015603_downsampled.jpg,NV
ISIC_0033711.jpg,NV
ISIC_0066060.jpg,NV
ISIC_0067141.jpg,NV
ISIC_0069222.jpg,NV
ISIC_0064159.jpg,NV
ISIC_0009945.jpg,NV
ISIC_0031683.jpg,NV
ISIC_0034148.jpg,NV
ISIC_0033920.jpg,NV
ISIC_0031072.jpg,NV
ISIC_0072841.jpg,NV
ISIC_0058272.jpg,NV
ISIC_0060753.jpg,NV
ISIC_0033082.jpg,NV
ISIC_0006795_downsampled.jpg,NV
ISIC_0014438_downsampled.jpg,NV
ISIC_0027751.jpg,NV
ISIC_0055995.jpg,NV
ISIC_0032749.jpg,NV
ISIC_0055069.jpg,NV
ISIC_0059529.jpg,NV
ISIC_0033896.jpg,NV
ISIC_0063476.jpg,NV
ISIC_0031754.jpg,NV
ISIC_0027205.jpg,NV
ISIC_0032515.jpg,NV
ISIC_0062778.jpg,NV
ISIC_0060649.jpg,NV
ISIC_0032957.jpg,NV
ISIC_0071650.jpg,NV
ISIC_0000195_downsampled.jpg,NV
ISIC_0059266.jpg,NV
ISIC_0060581.jpg,NV
ISIC_0067412.jpg,NV
ISIC_0026813.jpg,NV
ISIC_0027143.jpg,NV
ISIC_0034056.jpg,NV
ISIC_0015996_downsampled.jpg,NV
ISIC_0030363.jpg,NV
ISIC_0032077.jpg,NV
ISIC_0057694.jpg,NV
ISIC_0025687.jpg,NV
ISIC_0059696.jpg,NV
ISIC_0033062.jpg,NV
ISIC_0057070.jpg,NV
ISIC_0066704.jpg,NV
ISIC_0028334.jpg,NV
ISIC_0032822.jpg,NV
ISIC_0067217.jpg,NV
ISIC_0058314.jpg,NV
ISIC_0069648.jpg,NV
ISIC_0057946.jpg,NV
ISIC_0030388.jpg,NV
ISIC_0012699_downsampled.jpg,NV
ISIC_0032934.jpg,NV
ISIC_0071232.jpg,NV
ISIC_0065333.jpg,NV
ISIC_0026101.jpg,NV
ISIC_0024996.jpg,NV
ISIC_0032221.jpg,NV
ISIC_0033106.jpg,NV
ISIC_0027138.jpg,NV
ISIC_0031807.jpg,NV
ISIC_0030098.jpg,NV
ISIC_0068084.jpg,NV
ISIC_0068391.jpg,NV
ISIC_0026684.jpg,NV
ISIC_0031583.jpg,NV
ISIC_0015007_downsampled.jpg,NV
ISIC_0027817.jpg,NV
ISIC_0007796_downsampled.jpg,NV
ISIC_0066728.jpg,NV
ISIC_0000225.jpg,NV
ISIC_0058634.jpg,NV
ISIC_0066876.jpg,NV
ISIC_0032663.jpg,NV
ISIC_0033356.jpg,NV
ISIC_0056165.jpg,NV
ISIC_0029208.jpg,NV
ISIC_0061964.jpg,NV
ISIC_0067951.jpg,NV
ISIC_0025159.jpg,NV
ISIC_0003559_downsampled.jpg,NV
ISIC_0054814.jpg,NV
ISIC_0027823.jpg,NV
ISIC_0006612_downsampled.jpg,NV
ISIC_0066805.jpg,NV
ISIC_0025294.jpg,NV
ISIC_0012481_downsampled.jpg,NV
ISIC_0070469.jpg,NV
ISIC_0015957_downsampled.jpg,NV
ISIC_0054162.jpg,NV
ISIC_0029097.jpg,NV
ISIC_0033136.jpg,NV
ISIC_0027505.jpg,NV
ISIC_0012657_downsampled.jpg,NV
ISIC_0033139.jpg,NV
ISIC_0058541.jpg,NV
ISIC_0069698.jpg,NV
ISIC_0058829.jpg,NV
ISIC_0029435.jpg,NV
ISIC_0024507.jpg,NV
ISIC_0067741.jpg,NV
ISIC_0025252.jpg,NV
ISIC_0025662.jpg,NV
ISIC_0010569.jpg,NV
ISIC_0030064.jpg,NV
ISIC_0070340.jpg,NV
ISIC_0055047.jpg,NV
ISIC_0069440.jpg,NV
ISIC_0064771.jpg,NV
ISIC_0054869.jpg,NV
ISIC_0069464.jpg,NV
ISIC_0033870.jpg,NV
ISIC_0030348.jpg,NV
ISIC_0030914.jpg,NV
ISIC_0026317.jpg,NV
ISIC_0029237.jpg,NV
ISIC_0054428.jpg,NV
ISIC_0055553.jpg,NV
ISIC_0000202_downsampled.jpg,NV
ISIC_0069858.jpg,NV
ISIC_0033016.jpg,NV
ISIC_0002948_downsampled.jpg,NV
ISIC_0066739.jpg,NV
ISIC_0067773.jpg,NV
ISIC_0030444.jpg,NV
ISIC_0028780.jpg,NV
ISIC_0033085.jpg,NV
ISIC_0067841.jpg,NV
ISIC_0024801.jpg,NV
ISIC_0032375.jpg,NV
ISIC_0065322.jpg,NV
ISIC_0025779.jpg,NV
ISIC_0071832.jpg,NV
ISIC_0033731.jpg,NV
ISIC_0064565.jpg,NV
ISIC_0027430.jpg,NV
ISIC_0001262_downsampled.jpg,NV
ISIC_0057039.jpg,NV
ISIC_0027284.jpg,NV
ISIC_0062396.jpg,NV
ISIC_0025430.jpg,NV
ISIC_0064329.jpg,NV
ISIC_0025118.jpg,NV
ISIC_0063378.jpg,NV
ISIC_0030980.jpg,NV
ISIC_0028093.jpg,NV
ISIC_0026147.jpg,NV
ISIC_0068621.jpg,NV
ISIC_0028253.jpg,NV
ISIC_0062360.jpg,NV
ISIC_0031265.jpg,NV
ISIC_0027227.jpg,NV
ISIC_0028910.jpg,NV
ISIC_0060636.jpg,NV
ISIC_0062465.jpg,NV
ISIC_0000333.jpg,NV
ISIC_0015946_downsampled.jpg,NV
ISIC_0026326.jpg,NV
ISIC_0030613.jpg,NV
ISIC_0010858.jpg,NV
ISIC_0000061_downsampled.jpg,NV
ISIC_0031184.jpg,NV
ISIC_0065819.jpg,NV
ISIC_0015009_downsampled.jpg,NV
ISIC_0057932.jpg,NV
ISIC_0027305.jpg,NV
ISIC_0028278.jpg,NV
ISIC_0029516.jpg,NV
ISIC_0062839.jpg,NV
ISIC_0072997.jpg,NV
ISIC_0057011.jpg,NV
ISIC_0004110_downsampled.jpg,NV
ISIC_0059467.jpg,NV
ISIC_0009344_downsampled.jpg,NV
ISIC_0068389.jpg,NV
ISIC_0032309.jpg,NV
ISIC_0071507.jpg,NV
ISIC_0003005_downsampled.jpg,NV
ISIC_0028078.jpg,NV
ISIC_0024813.jpg,NV
ISIC_0063294.jpg,NV
ISIC_0009925.jpg,NV
ISIC_0010092.jpg,NV
ISIC_0015016_downsampled.jpg,NV
ISIC_0010342.jpg,NV
ISIC_0059327.jpg,NV
ISIC_0027567.jpg,NV
ISIC_0027016.jpg,NV
ISIC_0066963.jpg,NV
ISIC_0032138.jpg,NV
ISIC_0064666.jpg,NV
ISIC_0025115.jpg,NV
ISIC_0016049_downsampled.jpg,NV
ISIC_0029815.jpg,NV
ISIC_0062020.jpg,NV
ISIC_0027103.jpg,NV
ISIC_0025823.jpg,NV
ISIC_0059062.jpg,NV
ISIC_0032058.jpg,NV
ISIC_0014926_downsampled.jpg,NV
ISIC_0034063.jpg,NV
ISIC_0009942.jpg,NV
ISIC_0061875.jpg,NV
ISIC_0059018.jpg,NV
ISIC_0069832.jpg,NV
ISIC_0054256.jpg,NV
ISIC_0053753.jpg,NV
ISIC_0030499.jpg,NV
ISIC_0063262.jpg,NV
ISIC_0011328.jpg,NV
ISIC_0032067.jpg,NV
ISIC_0056930.jpg,NV
ISIC_0053519.jpg,NV
ISIC_0015627_downsampled.jpg,NV
ISIC_0033879.jpg,NV
ISIC_0014791_downsampled.jpg,NV
ISIC_0026719.jpg,NV
ISIC_0066393.jpg,NV
ISIC_0033993.jpg,NV
ISIC_0013962_downsampled.jpg,NV
ISIC_0028023.jpg,NV
ISIC_0062384.jpg,NV
ISIC_0025368.jpg,NV
ISIC_0012338_downsampled.jpg,NV
ISIC_0067609.jpg,NV
ISIC_0060097.jpg,NV
ISIC_0071359.jpg,NV
ISIC_0072775.jpg,NV
ISIC_0032896.jpg,NV
ISIC_0015985_downsampled.jpg,NV
ISIC_0009981.jpg,NV
ISIC_0029006.jpg,NV
ISIC_0013390_downsampled.jpg,NV
ISIC_0072639.jpg,NV
ISIC_0072298.jpg,NV
ISIC_0029615.jpg,NV
ISIC_0053831.jpg,NV
ISIC_0062920.jpg,NV
ISIC_0033703.jpg,NV
ISIC_0059533.jpg,NV
ISIC_0061586.jpg,NV
ISIC_0057786.jpg,NV
ISIC_0033697.jpg,NV
ISIC_0028684.jpg,NV
ISIC_0069844.jpg,NV
ISIC_0033492.jpg,NV
ISIC_0033224.jpg,NV
ISIC_0031984.jpg,NV
ISIC_0059751.jpg,NV
ISIC_0056188.jpg,NV
ISIC_0033343.jpg,NV
ISIC_0028638.jpg,NV
ISIC_0029491.jpg,NV
ISIC_0061702.jpg,NV
ISIC_0030827.jpg,NV
ISIC_0072894.jpg,NV
ISIC_0033928.jpg,NV
ISIC_0009928.jpg,NV
ISIC_0014431_downsampled.jpg,NV
ISIC_0067937.jpg,NV
ISIC_0002476_downsampled.jpg,NV
ISIC_0002885_downsampled.jpg,NV
ISIC_0009979.jpg,NV
ISIC_0024493.jpg,NV
ISIC_0024887.jpg,NV
ISIC_0032560.jpg,NV
ISIC_0028224.jpg,NV
ISIC_0030252.jpg,NV
ISIC_0072960.jpg,NV
ISIC_0032407.jpg,NV
ISIC_0030911.jpg,NV
ISIC_0026447.jpg,NV
ISIC_0028963.jpg,NV
ISIC_0024557.jpg,NV
ISIC_0028799.jpg,NV
ISIC_0012400_downsampled.jpg,NV
ISIC_0030195.jpg,NV
ISIC_0029493.jpg,NV
ISIC_0024317.jpg,NV
ISIC_0071403.jpg,NV
ISIC_0026786.jpg,NV
ISIC_0058801.jpg,NV
ISIC_0054148.jpg,NV
ISIC_0010176.jpg,NV
ISIC_0030066.jpg,NV
ISIC_0065505.jpg,NV
ISIC_0031547.jpg,NV
ISIC_0060793.jpg,NV
ISIC_0058913.jpg,NV
ISIC_0025679.jpg,NV
ISIC_0069392.jpg,NV
ISIC_0025560.jpg,NV
ISIC_0026079.jpg,NV
ISIC_0029424.jpg,NV
ISIC_0033937.jpg,NV
ISIC_0031815.jpg,NV
ISIC_0067319.jpg,NV
ISIC_0072100.jpg,NV
ISIC_0064576.jpg,NV
ISIC_0029381.jpg,NV
ISIC_0001213_downsampled.jpg,NV
ISIC_0033481.jpg,NV
ISIC_0073150.jpg,NV
ISIC_0026850.jpg,NV
ISIC_0024655.jpg,NV
ISIC_0064602.jpg,NV
ISIC_0058534.jpg,NV
ISIC_0034128.jpg,NV
ISIC_0068994.jpg,NV
ISIC_0072870.jpg,NV
ISIC_0028578.jpg,NV
ISIC_0061627.jpg,NV
ISIC_0054588.jpg,NV
ISIC_0024419.jpg,NV
ISIC_0013097_downsampled.jpg,NV
ISIC_0062185.jpg,NV
ISIC_0029037.jpg,NV
ISIC_0025950.jpg,NV
ISIC_0056444.jpg,NV
ISIC_0029834.jpg,NV
ISIC_0067790.jpg,NV
ISIC_0033789.jpg,NV
ISIC_0029393.jpg,NV
ISIC_0025139.jpg,NV
ISIC_0032147.jpg,NV
ISIC_0012303_downsampled.jpg,NV
ISIC_0012700_downsampled.jpg,NV
ISIC_0016044_downsampled.jpg,NV
ISIC_0072283.jpg,NV
ISIC_0028073.jpg,NV
ISIC_0033600.jpg,NV
ISIC_0056689.jpg,NV
ISIC_0065519.jpg,NV
ISIC_0071973.jpg,NV
ISIC_0030079.jpg,NV
ISIC_0068967.jpg,NV
ISIC_0031621.jpg,NV
ISIC_0033133.jpg,NV
ISIC_0024901.jpg,NV
ISIC_0028328.jpg,NV
ISIC_0014786_downsampled.jpg,NV
ISIC_0026546.jpg,NV
ISIC_0070889.jpg,NV
ISIC_0033292.jpg,NV
ISIC_0062310.jpg,NV
ISIC_0071623.jpg,NV
ISIC_0027707.jpg,NV
ISIC_0072445.jpg,NV
ISIC_0025587.jpg,NV
ISIC_0000006.jpg,NV
ISIC_0068645.jpg,NV
ISIC_0025108.jpg,NV
ISIC_0072723.jpg,NV
ISIC_0027524.jpg,NV
ISIC_0003582_downsampled.jpg,NV
ISIC_0060435.jpg,NV
ISIC_0070322.jpg,NV
ISIC_0064738.jpg,NV
ISIC_0054281.jpg,NV
ISIC_0060809.jpg,NV
ISIC_0028979.jpg,NV
ISIC_0057669.jpg,NV
ISIC_0057332.jpg,NV
ISIC_0033367.jpg,NV
ISIC_0002488_downsampled.jpg,NV
ISIC_0002489_downsampled.jpg,NV
ISIC_0024703.jpg,NV
ISIC_0055155.jpg,NV
ISIC_0028368.jpg,NV
ISIC_0067727.jpg,NV
ISIC_0057859.jpg,NV
ISIC_0026424.jpg,NV
ISIC_0002353_downsampled.jpg,NV
ISIC_0025091.jpg,NV
ISIC_0033208.jpg,NV
ISIC_0031581.jpg,NV
ISIC_0062824.jpg,NV
ISIC_0056518.jpg,NV
ISIC_0027209.jpg,NV
ISIC_0014498_downsampled.jpg,NV
ISIC_0030371.jpg,NV
ISIC_0059465.jpg,NV
ISIC_0028257.jpg,NV
ISIC_0033319.jpg,NV
ISIC_0062698.jpg,NV
ISIC_0033461.jpg,NV
ISIC_0059364.jpg,NV
ISIC_0030392.jpg,NV
ISIC_0033838.jpg,NV
ISIC_0069571.jpg,NV
ISIC_0029750.jpg,NV
ISIC_0061716.jpg,NV
ISIC_0006671_downsampled.jpg,NV
ISIC_0061737.jpg,NV
ISIC_0061232.jpg,NV
ISIC_0030466.jpg,NV
ISIC_0027835.jpg,NV
ISIC_0055324.jpg,NV
ISIC_0030023.jpg,NV
ISIC_0033904.jpg,NV
ISIC_0066017.jpg,NV
ISIC_0027414.jpg,NV
ISIC_0028566.jpg,NV
ISIC_0064108.jpg,NV
ISIC_0062744.jpg,NV
ISIC_0029833.jpg,NV
ISIC_0025169.jpg,NV
ISIC_0059501.jpg,NV
ISIC_0014195_downsampled.jpg,NV
ISIC_0025006.jpg,NV
ISIC_0027690.jpg,NV
ISIC_0031051.jpg,NV
ISIC_0056305.jpg,NV
ISIC_0033610.jpg,NV
ISIC_0029684.jpg,NV
ISIC_0008256_downsampled.jpg,NV
ISIC_0070247.jpg,NV
ISIC_0033950.jpg,NV
ISIC_0033100.jpg,NV
ISIC_0030632.jpg,NV
ISIC_0056996.jpg,NV
ISIC_0069095.jpg,NV
ISIC_0029065.jpg,NV
ISIC_0027777.jpg,NV
ISIC_0012891_downsampled.jpg,NV
ISIC_0024781.jpg,NV
ISIC_0025698.jpg,NV
ISIC_0010044.jpg,NV
ISIC_0026059.jpg,NV
ISIC_0072878.jpg,NV
ISIC_0009904.jpg,NV
ISIC_0010586.jpg,NV
ISIC_0072657.jpg,NV
ISIC_0057868.jpg,NV
ISIC_0032907.jpg,NV
ISIC_0010348.jpg,NV
ISIC_0026890.jpg,NV
ISIC_0059390.jpg,NV
ISIC_0027223.jpg,NV
ISIC_0031194.jpg,NV
ISIC_0069143.jpg,NV
ISIC_0028981.jpg,NV
ISIC_0029072.jpg,NV
ISIC_0054856.jpg,NV
ISIC_0031717.jpg,NV
ISIC_0071505.jpg,NV
ISIC_0025355.jpg,NV
ISIC_0060912.jpg,NV
ISIC_0033455.jpg,NV
ISIC_0065348.jpg,NV
ISIC_0066434.jpg,NV
ISIC_0011097.jpg,NV
ISIC_0014762_downsampled.jpg,NV
ISIC_0030627.jpg,NV
ISIC_0027235.jpg,NV
ISIC_0032891.jpg,NV
ISIC_0034206.jpg,NV
ISIC_0030232.jpg,NV
ISIC_0069334.jpg,NV
ISIC_0070076.jpg,NV
ISIC_0026544.jpg,NV
ISIC_0053811.jpg,NV
ISIC_0032820.jpg,NV
ISIC_0030829.jpg,NV
ISIC_0026019.jpg,NV
ISIC_0012888_downsampled.jpg,NV
ISIC_0024321.jpg,NV
ISIC_0026943.jpg,NV
ISIC_0030048.jpg,NV
ISIC_0071489.jpg,NV
ISIC_0032590.jpg,NV
ISIC_0061838.jpg,NV
ISIC_0065105.jpg,NV
ISIC_0025498.jpg,NV
ISIC_0062576.jpg,NV
ISIC_0029109.jpg,NV
ISIC_0000053_downsampled.jpg,NV
ISIC_0009923.jpg,NV
ISIC_0034102.jpg,NV
ISIC_0011100.jpg,NV
ISIC_0009909.jpg,NV
ISIC_0028398.jpg,NV
ISIC_0056068.jpg,NV
ISIC_0033389.jpg,NV
ISIC_0063990.jpg,NV
ISIC_0054572.jpg,NV
ISIC_0033096.jpg,NV
ISIC_0071175.jpg,NV
ISIC_0025422.jpg,NV
ISIC_0033506.jpg,NV
ISIC_0030520.jpg,NV
ISIC_0029614.jpg,NV
ISIC_0032363.jpg,NV
ISIC_0027382.jpg,NV
ISIC_0065882.jpg,NV
ISIC_0026274.jpg,NV
ISIC_0069414.jpg,NV
ISIC_0030908.jpg,NV
ISIC_0032594.jpg,NV
ISIC_0034238.jpg,NV
ISIC_0015357_downsampled.jpg,NV
ISIC_0030055.jpg,NV
ISIC_0013196_downsampled.jpg,NV
ISIC_0009875.jpg,NV
ISIC_0056418.jpg,NV
ISIC_0029790.jpg,NV
ISIC_0025944.jpg,NV
ISIC_0025969.jpg,NV
ISIC_0059292.jpg,NV
ISIC_0063319.jpg,NV
ISIC_0059719.jpg,NV
ISIC_0030629.jpg,NV
ISIC_0056582.jpg,NV
ISIC_0014829_downsampled.jpg,NV
ISIC_0031070.jpg,NV
ISIC_0071755.jpg,NV
ISIC_0000364.jpg,NV
ISIC_0068248.jpg,NV
ISIC_0068889.jpg,NV
ISIC_0067449.jpg,NV
ISIC_0065325.jpg,NV
ISIC_0029922.jpg,NV
ISIC_0028960.jpg,NV
ISIC_0032623.jpg,NV
ISIC_0033370.jpg,NV
ISIC_0025447.jpg,NV
ISIC_0071334.jpg,NV
ISIC_0025620.jpg,NV
ISIC_0069854.jpg,NV
ISIC_0064364.jpg,NV
ISIC_0029814.jpg,NV
ISIC_0027611.jpg,NV
ISIC_0059649.jpg,NV
ISIC_0029402.jpg,NV
ISIC_0063914.jpg,NV
ISIC_0072116.jpg,NV
ISIC_0030985.jpg,NV
ISIC_0011358.jpg,NV
ISIC_0027486.jpg,NV
ISIC_0030298.jpg,NV
ISIC_0057892.jpg,NV
ISIC_0069150.jpg,NV
ISIC_0028679.jpg,NV
ISIC_0032935.jpg,NV
ISIC_0000014.jpg,NV
ISIC_0025239.jpg,NV
ISIC_0072159.jpg,NV
ISIC_0029763.jpg,NV
ISIC_0056333.jpg,NV
ISIC_0008116_downsampled.jpg,NV
ISIC_0059067.jpg,NV
ISIC_0065404.jpg,NV
ISIC_0056822.jpg,NV
ISIC_0027574.jpg,NV
ISIC_0012897_downsampled.jpg,NV
ISIC_0029597.jpg,NV
ISIC_0068126.jpg,NV
ISIC_0027728.jpg,NV
ISIC_0033514.jpg,NV
ISIC_0013027_downsampled.jpg,NV
ISIC_0025278.jpg,NV
ISIC_0061343.jpg,NV
ISIC_0031541.jpg,NV
ISIC_0072368.jpg,NV
ISIC_0032119.jpg,NV
ISIC_0061236.jpg,NV
ISIC_0060641.jpg,NV
ISIC_0033580.jpg,NV
ISIC_0032501.jpg,NV
ISIC_0033475.jpg,NV
ISIC_0025073.jpg,NV
ISIC_0030765.jpg,NV
ISIC_0062534.jpg,NV
ISIC_0067155.jpg,NV
ISIC_0014346_downsampled.jpg,NV
ISIC_0066439.jpg,NV
ISIC_0033293.jpg,NV
ISIC_0064138.jpg,NV
ISIC_0026864.jpg,NV
ISIC_0054538.jpg,NV
ISIC_0026237.jpg,NV
ISIC_0033087.jpg,NV
ISIC_0059039.jpg,NV
ISIC_0025899.jpg,NV
ISIC_0012725_downsampled.jpg,NV
ISIC_0064501.jpg,NV
ISIC_0066835.jpg,NV
ISIC_0011228.jpg,NV
ISIC_0029724.jpg,NV
ISIC_0060732.jpg,NV
ISIC_0059429.jpg,NV
ISIC_0010317.jpg,NV
ISIC_0033832.jpg,NV
ISIC_0015184_downsampled.jpg,NV
ISIC_0028946.jpg,NV
ISIC_0025730.jpg,NV
ISIC_0033273.jpg,NV
ISIC_0063581.jpg,NV
ISIC_0011324.jpg,NV
ISIC_0028606.jpg,NV
ISIC_0014937_downsampled.jpg,NV
ISIC_0059643.jpg,NV
ISIC_0025671.jpg,NV
ISIC_0027940.jpg,NV
ISIC_0060828.jpg,NV
ISIC_0029267.jpg,NV
ISIC_0025212.jpg,NV
ISIC_0030054.jpg,NV
ISIC_0028620.jpg,NV
ISIC_0069398.jpg,NV
ISIC_0025547.jpg,NV
ISIC_0033895.jpg,NV
ISIC_0015309_downsampled.jpg,NV
ISIC_0030595.jpg,NV
ISIC_0027088.jpg,NV
ISIC_0028975.jpg,NV
ISIC_0024826.jpg,NV
ISIC_0029138.jpg,NV
ISIC_0055343.jpg,NV
ISIC_0032734.jpg,NV
ISIC_0060170.jpg,NV
ISIC_0027121.jpg,NV
ISIC_0026194.jpg,NV
ISIC_0032627.jpg,NV
ISIC_0027464.jpg,NV
ISIC_0030343.jpg,NV
ISIC_0031014.jpg,NV
ISIC_0004346_downsampled.jpg,NV
ISIC_0026552.jpg,NV
ISIC_0028379.jpg,NV
ISIC_0058436.jpg,NV
ISIC_0071126.jpg,NV
ISIC_0027607.jpg,NV
ISIC_0025004.jpg,NV
ISIC_0014825_downsampled.jpg,NV
ISIC_0024618.jpg,NV
ISIC_0015150_downsampled.jpg,NV
ISIC_0033766.jpg,NV
ISIC_0030395.jpg,NV
ISIC_0028635.jpg,NV
ISIC_0062740.jpg,NV
ISIC_0025044.jpg,NV
ISIC_0065592.jpg,NV
ISIC_0029346.jpg,NV
ISIC_0025569.jpg,NV
ISIC_0010452.jpg,NV
ISIC_0028896.jpg,NV
ISIC_0062819.jpg,NV
ISIC_0028401.jpg,NV
ISIC_0028961.jpg,NV
ISIC_0065747.jpg,NV
ISIC_0015330_downsampled.jpg,NV
ISIC_0025670.jpg,NV
ISIC_0032743.jpg,NV
ISIC_0066223.jpg,NV
ISIC_0000060_downsampled.jpg,NV
ISIC_0010472.jpg,NV
ISIC_0029275.jpg,NV
ISIC_0064387.jpg,NV
ISIC_0054711.jpg,NV
ISIC_0025386.jpg,NV
ISIC_0011173.jpg,NV
ISIC_0027913.jpg,NV
ISIC_0071935.jpg,NV
ISIC_0070413.jpg,NV
ISIC_0028040.jpg,NV
ISIC_0070077.jpg,NV
ISIC_0027363.jpg,NV
ISIC_0027941.jpg,NV
ISIC_0024568.jpg,NV
ISIC_0030902.jpg,NV
ISIC_0026900.jpg,NV
ISIC_0028944.jpg,NV
ISIC_0025762.jpg,NV
ISIC_0031237.jpg,NV
ISIC_0026445.jpg,NV
ISIC_0029987.jpg,NV
ISIC_0072846.jpg,NV
ISIC_0059274.jpg,NV
ISIC_0033497.jpg,NV
ISIC_0060461.jpg,NV
ISIC_0028513.jpg,NV
ISIC_0026108.jpg,NV
ISIC_0067373.jpg,NV
ISIC_0061241.jpg,NV
ISIC_0003657_downsampled.jpg,NV
ISIC_0065163.jpg,NV
ISIC_0063096.jpg,NV
ISIC_0028011.jpg,NV
ISIC_0033009.jpg,NV
ISIC_0026051.jpg,NV
ISIC_0025298.jpg,NV
ISIC_0024699.jpg,NV
ISIC_0025122.jpg,NV
ISIC_0070705.jpg,NV
ISIC_0053886.jpg,NV
ISIC_0001254_downsampled.jpg,NV
ISIC_0007344_downsampled.jpg,NV
ISIC_0055592.jpg,NV
ISIC_0010444.jpg,NV
ISIC_0032133.jpg,NV
ISIC_0056182.jpg,NV
ISIC_0061179.jpg,NV
ISIC_0057589.jpg,NV
ISIC_0073135.jpg,NV
ISIC_0054326.jpg,NV
ISIC_0031425.jpg,NV
ISIC_0031800.jpg,NV
ISIC_0069137.jpg,NV
ISIC_0026346.jpg,NV
ISIC_0033282.jpg,NV
ISIC_0010262.jpg,NV
ISIC_0034016.jpg,NV
ISIC_0026318.jpg,NV
ISIC_0025506.jpg,NV
ISIC_0069331.jpg,NV
ISIC_0033970.jpg,NV
ISIC_0067164.jpg,NV
ISIC_0068056.jpg,NV
ISIC_0066524.jpg,NV
ISIC_0015625_downsampled.jpg,NV
ISIC_0033590.jpg,NV
ISIC_0028997.jpg,NV
ISIC_0055835.jpg,NV
ISIC_0033501.jpg,NV
ISIC_0000032_downsampled.jpg,NV
ISIC_0071174.jpg,NV
ISIC_0062537.jpg,NV
ISIC_0026103.jpg,NV
ISIC_0030003.jpg,NV
ISIC_0067838.jpg,NV
ISIC_0033318.jpg,NV
ISIC_0068968.jpg,NV
ISIC_0033639.jpg,NV
ISIC_0059214.jpg,NV
ISIC_0072943.jpg,NV
ISIC_0033769.jpg,NV
ISIC_0059187.jpg,NV
ISIC_0029852.jpg,NV
ISIC_0034144.jpg,NV
ISIC_0065756.jpg,NV
ISIC_0070293.jpg,NV
ISIC_0058633.jpg,NV
ISIC_0010206.jpg,NV
ISIC_0030944.jpg,NV
ISIC_0033359.jpg,NV
ISIC_0034232.jpg,NV
ISIC_0058147.jpg,NV
ISIC_0031348.jpg,NV
ISIC_0066950.jpg,NV
ISIC_0071051.jpg,NV
ISIC_0024325.jpg,NV
ISIC_0066740.jpg,NV
ISIC_0026075.jpg,NV
ISIC_0028210.jpg,NV
ISIC_0000374.jpg,NV
ISIC_0024501.jpg,NV
ISIC_0063585.jpg,NV
ISIC_0060448.jpg,NV
ISIC_0031460.jpg,NV
ISIC_0070171.jpg,NV
ISIC_0030449.jpg,NV
ISIC_0033161.jpg,NV
ISIC_0030566.jpg,NV
ISIC_0025636.jpg,NV
ISIC_0032648.jpg,NV
ISIC_0029334.jpg,NV
ISIC_0032599.jpg,NV
ISIC_0053732.jpg,NV
ISIC_0026272.jpg,NV
ISIC_0028836.jpg,NV
ISIC_0025522.jpg,NV
ISIC_0034099.jpg,NV
ISIC_0055664.jpg,NV
ISIC_0032612.jpg,NV
ISIC_0070404.jpg,NV
ISIC_0033702.jpg,NV
ISIC_0024615.jpg,NV
ISIC_0069494.jpg,NV
ISIC_0026449.jpg,NV
ISIC_0008992_downsampled.jpg,NV
ISIC_0030235.jpg,NV
ISIC_0032942.jpg,NV
ISIC_0056288.jpg,NV
ISIC_0072918.jpg,NV
ISIC_0008626_downsampled.jpg,NV
ISIC_0033030.jpg,NV
ISIC_0029356.jpg,NV
ISIC_0063034.jpg,NV
ISIC_0032815.jpg,NV
ISIC_0025610.jpg,NV
ISIC_0007141_downsampled.jpg,NV
ISIC_0031916.jpg,NV
ISIC_0032659.jpg,NV
ISIC_0030370.jpg,NV
ISIC_0061800.jpg,NV
ISIC_0057790.jpg,NV
ISIC_0055667.jpg,NV
ISIC_0067390.jpg,NV
ISIC_0027150.jpg,NV
ISIC_0060768.jpg,NV
ISIC_0073045.jpg,NV
ISIC_0012179_downsampled.jpg,NV
ISIC_0032518.jpg,NV
ISIC_0033078.jpg,NV
ISIC_0071840.jpg,NV
ISIC_0063402.jpg,NV
ISIC_0025667.jpg,NV
ISIC_0013793_downsampled.jpg,NV
ISIC_0012520_downsampled.jpg,NV
ISIC_0057055.jpg,NV
ISIC_0014720_downsampled.jpg,NV
ISIC_0032895.jpg,NV
ISIC_0070124.jpg,NV
ISIC_0026417.jpg,NV
ISIC_0000050_downsampled.jpg,NV
ISIC_0062828.jpg,NV
ISIC_0071091.jpg,NV
ISIC_0054407.jpg,NV
ISIC_0025245.jpg,NV
ISIC_0063434.jpg,NV
ISIC_0063600.jpg,NV
ISIC_0055501.jpg,NV
ISIC_0061329.jpg,NV
ISIC_0025542.jpg,NV
ISIC_0066395.jpg,NV
ISIC_0066628.jpg,NV
ISIC_0033961.jpg,NV
ISIC_0033894.jpg,NV
ISIC_0068887.jpg,NV
ISIC_0024671.jpg,NV
ISIC_0029297.jpg,NV
ISIC_0032065.jpg,NV
ISIC_0066130.jpg,NV
ISIC_0027873.jpg,NV
ISIC_0058759.jpg,NV
ISIC_0024858.jpg,NV
ISIC_0053711.jpg,NV
ISIC_0059045.jpg,NV
ISIC_0069633.jpg,NV
ISIC_0064767.jpg,NV
ISIC_0013837_downsampled.jpg,NV
ISIC_0025821.jpg,NV
ISIC_0025375.jpg,NV
ISIC_0064259.jpg,NV
ISIC_0033564.jpg,NV
ISIC_0025898.jpg,NV
ISIC_0071697.jpg,NV
ISIC_0034021.jpg,NV
ISIC_0063439.jpg,NV
ISIC_0061872.jpg,NV
ISIC_0031127.jpg,NV
ISIC_0010590.jpg,NV
ISIC_0001423_downsampled.jpg,NV
ISIC_0066300.jpg,NV
ISIC_0033566.jpg,NV
ISIC_0058228.jpg,NV
ISIC_0002093_downsampled.jpg,NV
ISIC_0066312.jpg,NV
ISIC_0060959.jpg,NV
ISIC_0030952.jpg,NV
ISIC_0053677.jpg,NV
ISIC_0014749_downsampled.jpg,NV
ISIC_0069542.jpg,NV
ISIC_0034274.jpg,NV
ISIC_0072011.jpg,NV
ISIC_0070948.jpg,NV
ISIC_0060719.jpg,NV
ISIC_0066362.jpg,NV
ISIC_0031241.jpg,NV
ISIC_0071352.jpg,NV
ISIC_0061734.jpg,NV
ISIC_0015021_downsampled.jpg,NV
ISIC_0062470.jpg,NV
ISIC_0056736.jpg,NV
ISIC_0070003.jpg,NV
ISIC_0034227.jpg,NV
ISIC_0010059.jpg,NV
ISIC_0026187.jpg,NV
ISIC_0006021_downsampled.jpg,NV
ISIC_0071200.jpg,NV
ISIC_0031559.jpg,NV
ISIC_0009987.jpg,NV
ISIC_0070864.jpg,NV
ISIC_0063313.jpg,NV
ISIC_0062046.jpg,NV
ISIC_0005555_downsampled.jpg,NV
ISIC_0062972.jpg,NV
ISIC_0058587.jpg,NV
ISIC_0029803.jpg,NV
ISIC_0028723.jpg,NV
ISIC_0010589.jpg,NV
ISIC_0065461.jpg,NV
ISIC_0025588.jpg,NV
ISIC_0063705.jpg,NV
ISIC_0053464.jpg,NV
ISIC_0031658.jpg,NV
ISIC_0032340.jpg,NV
ISIC_0066694.jpg,NV
ISIC_0069462.jpg,NV
ISIC_0063486.jpg,NV
ISIC_0028608.jpg,NV
ISIC_0032406.jpg,NV
ISIC_0072965.jpg,NV
ISIC_0064523.jpg,NV
ISIC_0001185_downsampled.jpg,NV
ISIC_0064882.jpg,NV
ISIC_0026512.jpg,NV
ISIC_0032042.jpg,NV
ISIC_0032102.jpg,NV
ISIC_0071216.jpg,NV
ISIC_0034261.jpg,NV
ISIC_0015125_downsampled.jpg,NV
ISIC_0015559_downsampled.jpg,NV
ISIC_0066050.jpg,NV
ISIC_0014743_downsampled.jpg,NV
ISIC_0068610.jpg,NV
ISIC_0029185.jpg,NV
ISIC_0030155.jpg,NV
ISIC_0066718.jpg,NV
ISIC_0013000_downsampled.jpg,NV
ISIC_0033690.jpg,NV
ISIC_0008528_downsampled.jpg,NV
ISIC_0027055.jpg,NV
ISIC_0028766.jpg,NV
ISIC_0013114_downsampled.jpg,NV
ISIC_0010205.jpg,NV
ISIC_0067011.jpg,NV
ISIC_0068706.jpg,NV
ISIC_0053937.jpg,NV
ISIC_0066982.jpg,NV
ISIC_0026168.jpg,NV
ISIC_0066557.jpg,NV
ISIC_0029187.jpg,NV
ISIC_0071704.jpg,NV
ISIC_0015390_downsampled.jpg,NV
ISIC_0029966.jpg,NV
ISIC_0032346.jpg,NV
ISIC_0014933_downsampled.jpg,NV
ISIC_0000329.jpg,NV
ISIC_0070195.jpg,NV
ISIC_0010458.jpg,NV
ISIC_0032962.jpg,NV
ISIC_0012322_downsampled.jpg,NV
ISIC_0000326.jpg,NV
ISIC_0060860.jpg,NV
ISIC_0054330.jpg,NV
ISIC_0011082.jpg,NV
ISIC_0014836_downsampled.jpg,NV
ISIC_0027548.jpg,NV
ISIC_0056085.jpg,NV
ISIC_0024936.jpg,NV
ISIC_0068130.jpg,NV
ISIC_0061546.jpg,NV
ISIC_0015264_downsampled.jpg,NV
ISIC_0067562.jpg,NV
ISIC_0027869.jpg,NV
ISIC_0026498.jpg,NV
ISIC_0025840.jpg,NV
ISIC_0028142.jpg,NV
ISIC_0033113.jpg,NV
ISIC_0060839.jpg,NV
ISIC_0068718.jpg,NV
ISIC_0024587.jpg,NV
ISIC_0071622.jpg,NV
ISIC_0065009.jpg,NV
ISIC_0056656.jpg,NV
ISIC_0033907.jpg,NV
ISIC_0056334.jpg,NV
ISIC_0070885.jpg,NV
ISIC_0031674.jpg,NV
ISIC_0025860.jpg,NV
ISIC_0026106.jpg,NV
ISIC_0055285.jpg,NV
ISIC_0053807.jpg,NV
ISIC_0013275_downsampled.jpg,NV
ISIC_0057453.jpg,NV
ISIC_0025590.jpg,NV
ISIC_0062402.jpg,NV
ISIC_0055125.jpg,NV
ISIC_0024728.jpg,NV
ISIC_0056504.jpg,NV
ISIC_0065264.jpg,NV
ISIC_0057648.jpg,NV
ISIC_0029879.jpg,NV
ISIC_0069404.jpg,NV
ISIC_0067682.jpg,NV
ISIC_0014684_downsampled.jpg,NV
ISIC_0033155.jpg,NV
ISIC_0065986.jpg,NV
ISIC_0033726.jpg,NV
ISIC_0059868.jpg,NV
ISIC_0008993_downsampled.jpg,NV
ISIC_0030157.jpg,NV
ISIC_0056618.jpg,NV
ISIC_0028315.jpg,NV
ISIC_0056253.jpg,NV
ISIC_0012539_downsampled.jpg,NV
ISIC_0012233_downsampled.jpg,NV
ISIC_0055133.jpg,NV
ISIC_0000025_downsampled.jpg,NV
ISIC_0032700.jpg,NV
ISIC_0011220.jpg,NV
ISIC_0068305.jpg,NV
ISIC_0015144_downsampled.jpg,NV
ISIC_0033464.jpg,NV
ISIC_0009896.jpg,NV
ISIC_0012741_downsampled.jpg,NV
ISIC_0025632.jpg,NV
ISIC_0033342.jpg,NV
ISIC_0065636.jpg,NV
ISIC_0070029.jpg,NV
ISIC_0072530.jpg,NV
ISIC_0011227.jpg,NV
ISIC_0033772.jpg,NV
ISIC_0070609.jpg,NV
ISIC_0012105_downsampled.jpg,NV
ISIC_0028905.jpg,NV
ISIC_0070279.jpg,NV
ISIC_0011171.jpg,NV
ISIC_0057641.jpg,NV
ISIC_0031589.jpg,NV
ISIC_0010351.jpg,NV
ISIC_0063719.jpg,NV
ISIC_0025065.jpg,NV
ISIC_0055198.jpg,NV
ISIC_0058683.jpg,NV
ISIC_0028255.jpg,NV
ISIC_0071022.jpg,NV
ISIC_0057652.jpg,NV
ISIC_0055335.jpg,NV
ISIC_0034231.jpg,NV
ISIC_0032961.jpg,NV
ISIC_0027003.jpg,NV
ISIC_0056000.jpg,NV
ISIC_0004115_downsampled.jpg,NV
ISIC_0029148.jpg,NV
ISIC_0010848.jpg,NV
ISIC_0010588.jpg,NV
ISIC_0057923.jpg,NV
ISIC_0012094_downsampled.jpg,NV
ISIC_0057165.jpg,NV
ISIC_0014713_downsampled.jpg,NV
ISIC_0070180.jpg,NV
ISIC_0055658.jpg,NV
ISIC_0025070.jpg,NV
ISIC_0024681.jpg,NV
ISIC_0001960_downsampled.jpg,NV
ISIC_0061472.jpg,NV
ISIC_0064616.jpg,NV
ISIC_0033537.jpg,NV
ISIC_0026125.jpg,NV
ISIC_0061219.jpg,NV
ISIC_0064773.jpg,NV
ISIC_0027411.jpg,NV
ISIC_0063316.jpg,NV
ISIC_0031911.jpg,NV
ISIC_0027196.jpg,NV
ISIC_0010474.jpg,NV
ISIC_0033419.jpg,NV
ISIC_0056943.jpg,NV
ISIC_0060085.jpg,NV
ISIC_0009877.jpg,NV
ISIC_0033541.jpg,NV
ISIC_0000328.jpg,NV
ISIC_0064763.jpg,NV
ISIC_0033002.jpg,NV
ISIC_0015331_downsampled.jpg,NV
ISIC_0059114.jpg,NV
ISIC_0025540.jpg,NV
ISIC_0013287_downsampled.jpg,NV
ISIC_0053797.jpg,NV
ISIC_0033614.jpg,NV
ISIC_0034146.jpg,NV
ISIC_0010498.jpg,NV
ISIC_0005187_downsampled.jpg,NV
ISIC_0014929_downsampled.jpg,NV
ISIC_0059731.jpg,NV
ISIC_0059614.jpg,NV
ISIC_0030321.jpg,NV
ISIC_0061272.jpg,NV
ISIC_0027933.jpg,NV
ISIC_0060129.jpg,NV
ISIC_0000044_downsampled.jpg,NV
ISIC_0010070.jpg,NV
ISIC_0071809.jpg,NV
ISIC_0030253.jpg,NV
ISIC_0012538_downsampled.jpg,NV
ISIC_0068378.jpg,NV
ISIC_0026029.jpg,NV
ISIC_0029593.jpg,NV
ISIC_0031313.jpg,NV
ISIC_0034121.jpg,NV
ISIC_0032038.jpg,NV
ISIC_0025123.jpg,NV
ISIC_0068988.jpg,NV
ISIC_0032953.jpg,NV
ISIC_0025828.jpg,NV
ISIC_0061733.jpg,NV
ISIC_0059862.jpg,NV
ISIC_0028791.jpg,NV
ISIC_0025518.jpg,NV
ISIC_0057017.jpg,NV
ISIC_0060705.jpg,NV
ISIC_0072152.jpg,NV
ISIC_0069142.jpg,NV
ISIC_0024518.jpg,NV
ISIC_0032496.jpg,NV
ISIC_0062989.jpg,NV
ISIC_0027682.jpg,NV
ISIC_0068319.jpg,NV
ISIC_0060124.jpg,NV
ISIC_0072259.jpg,NV
ISIC_0000041_downsampled.jpg,NV
ISIC_0062979.jpg,NV
ISIC_0061072.jpg,NV
ISIC_0057858.jpg,NV
ISIC_0033739.jpg,NV
ISIC_0054192.jpg,NV
ISIC_0027390.jpg,NV
ISIC_0000187.jpg,NV
ISIC_0029228.jpg,NV
ISIC_0034203.jpg,NV
ISIC_0025563.jpg,NV
ISIC_0033671.jpg,NV
ISIC_0028636.jpg,NV
ISIC_0069007.jpg,NV
ISIC_0014692_downsampled.jpg,NV
ISIC_0054442.jpg,NV
ISIC_0070654.jpg,NV
ISIC_0058262.jpg,NV
ISIC_0067750.jpg,NV
ISIC_0033846.jpg,NV
ISIC_0014726_downsampled.jpg,NV
ISIC_0061525.jpg,NV
ISIC_0066255.jpg,NV
ISIC_0029867.jpg,NV
ISIC_0015347_downsampled.jpg,NV
ISIC_0030871.jpg,NV
ISIC_0058139.jpg,NV
ISIC_0066033.jpg,NV
ISIC_0064263.jpg,NV
ISIC_0010077.jpg,NV
ISIC_0015043_downsampled.jpg,NV
ISIC_0026706.jpg,NV
ISIC_0065732.jpg,NV
ISIC_0026012.jpg,NV
ISIC_0010463.jpg,NV
ISIC_0015311_downsampled.jpg,NV
ISIC_0027236.jpg,NV
ISIC_0073069.jpg,NV
ISIC_0033803.jpg,NV
ISIC_0027396.jpg,NV
ISIC_0069013.jpg,NV
ISIC_0027917.jpg,NV
ISIC_0030378.jpg,NV
ISIC_0009188_downsampled.jpg,NV
ISIC_0001181_downsampled.jpg,NV
ISIC_0027440.jpg,NV
ISIC_0030027.jpg,NV
ISIC_0030112.jpg,NV
ISIC_0053636.jpg,NV
ISIC_0058823.jpg,NV
ISIC_0027646.jpg,NV
ISIC_0033242.jpg,NV
ISIC_0025625.jpg,NV
ISIC_0060038.jpg,NV
ISIC_0030179.jpg,NV
ISIC_0033219.jpg,NV
ISIC_0024374.jpg,NV
ISIC_0066315.jpg,NV
ISIC_0027582.jpg,NV
ISIC_0033800.jpg,NV
ISIC_0033650.jpg,NV
ISIC_0032796.jpg,NV
ISIC_0032937.jpg,NV
ISIC_0025148.jpg,NV
ISIC_0054558.jpg,NV
ISIC_0054494.jpg,NV
ISIC_0059144.jpg,NV
ISIC_0024464.jpg,NV
ISIC_0011105.jpg,NV
ISIC_0024366.jpg,NV
ISIC_0059143.jpg,NV
ISIC_0062772.jpg,NV
ISIC_0069101.jpg,NV
ISIC_0060050.jpg,NV
ISIC_0032798.jpg,NV
ISIC_0027251.jpg,NV
ISIC_0066635.jpg,NV
ISIC_0029481.jpg,NV
ISIC_0006711_downsampled.jpg,NV
ISIC_0024854.jpg,NV
ISIC_0025343.jpg,NV
ISIC_0030725.jpg,NV
ISIC_0065406.jpg,NV
ISIC_0033441.jpg,NV
ISIC_0029864.jpg,NV
ISIC_0061421.jpg,NV
ISIC_0068144.jpg,NV
ISIC_0062215.jpg,NV
ISIC_0027987.jpg,NV
ISIC_0012360_downsampled.jpg,NV
ISIC_0005666_downsampled.jpg,NV
ISIC_0029601.jpg,NV
ISIC_0030215.jpg,NV
ISIC_0062608.jpg,NV
ISIC_0057174.jpg,NV
ISIC_0034030.jpg,NV
ISIC_0033335.jpg,NV
ISIC_0070244.jpg,NV
ISIC_0024538.jpg,NV
ISIC_0030205.jpg,NV
ISIC_0065390.jpg,NV
ISIC_0056812.jpg,NV
ISIC_0027177.jpg,NV
ISIC_0033202.jpg,NV
ISIC_0033742.jpg,NV
ISIC_0057840.jpg,NV
ISIC_0008403_downsampled.jpg,NV
ISIC_0057259.jpg,NV
ISIC_0030483.jpg,NV
ISIC_0054545.jpg,NV
ISIC_0009758_downsampled.jpg,NV
ISIC_0027404.jpg,NV
ISIC_0065370.jpg,NV
ISIC_0059041.jpg,NV
ISIC_0068225.jpg,NV
ISIC_0060068.jpg,NV
ISIC_0024361.jpg,NV
ISIC_0025110.jpg,NV
ISIC_0032021.jpg,NV
ISIC_0069969.jpg,NV
ISIC_0031654.jpg,NV
ISIC_0028273.jpg,NV
ISIC_0058822.jpg,NV
ISIC_0057247.jpg,NV
ISIC_0073222.jpg,NV
ISIC_0032989.jpg,NV
ISIC_0067222.jpg,NV
ISIC_0014716_downsampled.jpg,NV
ISIC_0014158_downsampled.jpg,NV
ISIC_0069025.jpg,NV
ISIC_0067459.jpg,NV
ISIC_0029531.jpg,NV
ISIC_0031501.jpg,NV
ISIC_0072036.jpg,NV
ISIC_0014833_downsampled.jpg,NV
ISIC_0015218_downsampled.jpg,NV
ISIC_0058444.jpg,NV
ISIC_0054245.jpg,NV
ISIC_0028630.jpg,NV
ISIC_0010074.jpg,NV
ISIC_0025114.jpg,NV
ISIC_0027079.jpg,NV
ISIC_0070587.jpg,NV
ISIC_0025795.jpg,NV
ISIC_0032543.jpg,NV
ISIC_0024976.jpg,NV
ISIC_0013311_downsampled.jpg,NV
ISIC_0014807_downsampled.jpg,NV
ISIC_0061792.jpg,NV
ISIC_0066177.jpg,NV
ISIC_0029902.jpg,NV
ISIC_0057985.jpg,NV
ISIC_0033798.jpg,NV
ISIC_0072196.jpg,NV
ISIC_0031682.jpg,NV
ISIC_0063611.jpg,NV
ISIC_0031641.jpg,NV
ISIC_0029276.jpg,NV
ISIC_0031011.jpg,NV
ISIC_0031466.jpg,NV
ISIC_0028230.jpg,NV
ISIC_0027123.jpg,NV
ISIC_0013037_downsampled.jpg,NV
ISIC_0032609.jpg,NV
ISIC_0063761.jpg,NV
ISIC_0067673.jpg,NV
ISIC_0056197.jpg,NV
ISIC_0058715.jpg,NV
ISIC_0026251.jpg,NV
ISIC_0010009.jpg,NV
ISIC_0067922.jpg,NV
ISIC_0054247.jpg,NV
ISIC_0065269.jpg,NV
ISIC_0033763.jpg,NV
ISIC_0032899.jpg,NV
ISIC_0026910.jpg,NV
ISIC_0071171.jpg,NV
ISIC_0058351.jpg,NV
ISIC_0056327.jpg,NV
ISIC_0061929.jpg,NV
ISIC_0026620.jpg,NV
ISIC_0028018.jpg,NV
ISIC_0028694.jpg,NV
ISIC_0024734.jpg,NV
ISIC_0070001.jpg,NV
ISIC_0010598.jpg,NV
ISIC_0010584.jpg,NV
ISIC_0029066.jpg,NV
ISIC_0033049.jpg,NV
ISIC_0033013.jpg,NV
ISIC_0053482.jpg,NV
ISIC_0067068.jpg,NV
ISIC_0056203.jpg,NV
ISIC_0024330.jpg,NV
ISIC_0027705.jpg,NV
ISIC_0000315.jpg,NV
ISIC_0007332_downsampled.jpg,NV
ISIC_0032388.jpg,NV
ISIC_0025478.jpg,NV
ISIC_0026049.jpg,NV
ISIC_0027689.jpg,NV
ISIC_0056577.jpg,NV
ISIC_0025440.jpg,NV
ISIC_0057014.jpg,NV
ISIC_0009083_downsampled.jpg,NV
ISIC_0011300.jpg,NV
ISIC_0062131.jpg,NV
ISIC_0068532.jpg,NV
ISIC_0000189_downsampled.jpg,NV
ISIC_0024779.jpg,NV
ISIC_0072675.jpg,NV
ISIC_0056907.jpg,NV
ISIC_0012127_downsampled.jpg,NV
ISIC_0026341.jpg,NV
ISIC_0060054.jpg,NV
ISIC_0068046.jpg,NV
ISIC_0032664.jpg,NV
ISIC_0008280_downsampled.jpg,NV
ISIC_0067886.jpg,NV
ISIC_0030006.jpg,NV
ISIC_0071647.jpg,NV
ISIC_0033558.jpg,NV
ISIC_0034077.jpg,NV
ISIC_0059299.jpg,NV
ISIC_0027877.jpg,NV
ISIC_0027493.jpg,NV
ISIC_0067338.jpg,NV
ISIC_0057441.jpg,NV
ISIC_0025648.jpg,NV
ISIC_0063374.jpg,NV
ISIC_0033403.jpg,NV
ISIC_0071844.jpg,NV
ISIC_0028743.jpg,NV
ISIC_0033757.jpg,NV
ISIC_0033648.jpg,NV
ISIC_0066796.jpg,NV
ISIC_0067048.jpg,NV
ISIC_0059477.jpg,NV
ISIC_0031269.jpg,NV
ISIC_0028259.jpg,NV
ISIC_0012167_downsampled.jpg,NV
ISIC_0067027.jpg,NV
ISIC_0069761.jpg,NV
ISIC_0060245.jpg,NV
ISIC_0054525.jpg,NV
ISIC_0014769_downsampled.jpg,NV
ISIC_0029181.jpg,NV
ISIC_0073164.jpg,NV
ISIC_0026979.jpg,NV
ISIC_0062743.jpg,NV
ISIC_0028722.jpg,NV
ISIC_0071754.jpg,NV
ISIC_0034084.jpg,NV
ISIC_0062697.jpg,NV
ISIC_0032386.jpg,NV
ISIC_0061612.jpg,NV
ISIC_0065600.jpg,NV
ISIC_0028998.jpg,NV
ISIC_0025307.jpg,NV
ISIC_0010571.jpg,NV
ISIC_0027860.jpg,NV
ISIC_0065795.jpg,NV
ISIC_0030909.jpg,NV
ISIC_0068728.jpg,NV
ISIC_0070203.jpg,NV
ISIC_0066004.jpg,NV
ISIC_0024873.jpg,NV
ISIC_0059441.jpg,NV
ISIC_0025393.jpg,NV
ISIC_0062540.jpg,NV
ISIC_0071819.jpg,NV
ISIC_0054486.jpg,NV
ISIC_0055435.jpg,NV
ISIC_0063245.jpg,NV
ISIC_0059796.jpg,NV
ISIC_0065090.jpg,NV
ISIC_0032157.jpg,NV
ISIC_0066252.jpg,NV
ISIC_0025565.jpg,NV
ISIC_0055581.jpg,NV
ISIC_0008807_downsampled.jpg,NV
ISIC_0061808.jpg,NV
ISIC_0068432.jpg,NV
ISIC_0028522.jpg,NV
ISIC_0055626.jpg,NV
ISIC_0015614_downsampled.jpg,NV
ISIC_0054738.jpg,NV
ISIC_0029399.jpg,NV
ISIC_0060530.jpg,NV
ISIC_0068342.jpg,NV
ISIC_0010574.jpg,NV
ISIC_0059979.jpg,NV
ISIC_0071195.jpg,NV
ISIC_0032644.jpg,NV
ISIC_0029074.jpg,NV
ISIC_0032530.jpg,NV
ISIC_0056466.jpg,NV
ISIC_0028911.jpg,NV
ISIC_0015273_downsampled.jpg,NV
ISIC_0053588.jpg,NV
ISIC_0028115.jpg,NV
ISIC_0033585.jpg,NV
ISIC_0062725.jpg,NV
ISIC_0030957.jpg,NV
ISIC_0055611.jpg,NV
ISIC_0033091.jpg,NV
ISIC_0027558.jpg,NV
ISIC_0063815.jpg,NV
ISIC_0066719.jpg,NV
ISIC_0025406.jpg,NV
ISIC_0034241.jpg,NV
ISIC_0026934.jpg,NV
ISIC_0057330.jpg,NV
ISIC_0053936.jpg,NV
ISIC_0033233.jpg,NV
ISIC_0030662.jpg,NV
ISIC_0065534.jpg,NV
ISIC_0027644.jpg,NV
ISIC_0012511_downsampled.jpg,NV
ISIC_0010202.jpg,NV
ISIC_0000185_downsampled.jpg,NV
ISIC_0032761.jpg,NV
ISIC_0058094.jpg,NV
ISIC_0027999.jpg,NV
ISIC_0028433.jpg,NV
ISIC_0055845.jpg,NV
ISIC_0065016.jpg,NV
ISIC_0033930.jpg,NV
ISIC_0029077.jpg,NV
ISIC_0059166.jpg,NV
ISIC_0033584.jpg,NV
ISIC_0031582.jpg,NV
ISIC_0072975.jpg,NV
ISIC_0069735.jpg,NV
ISIC_0002206_downsampled.jpg,NV
ISIC_0057784.jpg,NV
ISIC_0024690.jpg,NV
ISIC_0058187.jpg,NV
ISIC_0030218.jpg,NV
ISIC_0071643.jpg,NV
ISIC_0026793.jpg,NV
ISIC_0056286.jpg,NV
ISIC_0033527.jpg,NV
ISIC_0063821.jpg,NV
ISIC_0030656.jpg,NV
ISIC_0029907.jpg,NV
ISIC_0071841.jpg,NV
ISIC_0063882.jpg,NV
ISIC_0060516.jpg,NV
ISIC_0029895.jpg,NV
ISIC_0010078.jpg,NV
ISIC_0032762.jpg,NV
ISIC_0029618.jpg,NV
ISIC_0068883.jpg,NV
ISIC_0032868.jpg,NV
ISIC_0034271.jpg,NV
ISIC_0028504.jpg,NV
ISIC_0028726.jpg,NV
ISIC_0015945_downsampled.jpg,NV
ISIC_0065357.jpg,NV
ISIC_0025025.jpg,NV
ISIC_0012506_downsampled.jpg,NV
ISIC_0029098.jpg,NV
ISIC_0002647_downsampled.jpg,NV
ISIC_0016055_downsampled.jpg,NV
ISIC_0026176.jpg,NV
ISIC_0024776.jpg,NV
ISIC_0065486.jpg,NV
ISIC_0033940.jpg,NV
ISIC_0009201_downsampled.jpg,NV
ISIC_0028868.jpg,NV
ISIC_0010439.jpg,NV
ISIC_0015955_downsampled.jpg,NV
ISIC_0065372.jpg,NV
ISIC_0024347.jpg,NV
ISIC_0024818.jpg,NV
ISIC_0032956.jpg,NV
ISIC_0026340.jpg,NV
ISIC_0031461.jpg,NV
ISIC_0060286.jpg,NV
ISIC_0033083.jpg,NV
ISIC_0034286.jpg,NV
ISIC_0029112.jpg,NV
ISIC_0059300.jpg,NV
ISIC_0032334.jpg,NV
ISIC_0060716.jpg,NV
ISIC_0060427.jpg,NV
ISIC_0062795.jpg,NV
ISIC_0025979.jpg,NV
ISIC_0008347_downsampled.jpg,NV
ISIC_0067227.jpg,NV
ISIC_0001190_downsampled.jpg,NV
ISIC_0028853.jpg,NV
ISIC_0058027.jpg,NV
ISIC_0028835.jpg,NV
ISIC_0026983.jpg,NV
ISIC_0070840.jpg,NV
ISIC_0067156.jpg,NV
ISIC_0027188.jpg,NV
ISIC_0012102_downsampled.jpg,NV
ISIC_0027530.jpg,NV
ISIC_0060742.jpg,NV
ISIC_0012814_downsampled.jpg,NV
ISIC_0009879.jpg,NV
ISIC_0027581.jpg,NV
ISIC_0033935.jpg,NV
ISIC_0070600.jpg,NV
ISIC_0065940.jpg,NV
ISIC_0065038.jpg,NV
ISIC_0029584.jpg,NV
ISIC_0068574.jpg,NV
ISIC_0030823.jpg,NV
ISIC_0026505.jpg,NV
ISIC_0065900.jpg,NV
ISIC_0010173.jpg,NV
ISIC_0070132.jpg,NV
ISIC_0029333.jpg,NV
ISIC_0032003.jpg,NV
ISIC_0054258.jpg,NV
ISIC_0026177.jpg,NV
ISIC_0027104.jpg,NV
ISIC_0004166_downsampled.jpg,NV
ISIC_0028586.jpg,NV
ISIC_0029761.jpg,NV
ISIC_0065779.jpg,NV
ISIC_0055661.jpg,NV
ISIC_0033864.jpg,NV
ISIC_0032448.jpg,NV
ISIC_0063672.jpg,NV
ISIC_0030506.jpg,NV
ISIC_0053922.jpg,NV
ISIC_0033842.jpg,NV
ISIC_0005000_downsampled.jpg,NV
ISIC_0027520.jpg,NV
ISIC_0027140.jpg,NV
ISIC_0025782.jpg,NV
ISIC_0032793.jpg,NV
ISIC_0029579.jpg,NV
ISIC_0009929.jpg,NV
ISIC_0031905.jpg,NV
ISIC_0062201.jpg,NV
ISIC_0002469_downsampled.jpg,NV
ISIC_0002107_downsampled.jpg,NV
ISIC_0027654.jpg,NV
ISIC_0024479.jpg,NV
ISIC_0033243.jpg,NV
ISIC_0067735.jpg,NV
ISIC_0027490.jpg,NV
ISIC_0054823.jpg,NV
ISIC_0059959.jpg,NV
ISIC_0065977.jpg,NV
ISIC_0015942_downsampled.jpg,NV
ISIC_0067219.jpg,NV
ISIC_0056861.jpg,NV
ISIC_0026381.jpg,NV
ISIC_0054263.jpg,NV
ISIC_0068300.jpg,NV
ISIC_0061614.jpg,NV
ISIC_0031185.jpg,NV
ISIC_0029229.jpg,NV
ISIC_0030899.jpg,NV
ISIC_0025930.jpg,NV
ISIC_0069830.jpg,NV
ISIC_0033547.jpg,NV
ISIC_0070884.jpg,NV
ISIC_0067970.jpg,NV
ISIC_0000367.jpg,NV
ISIC_0026810.jpg,NV
ISIC_0010575.jpg,NV
ISIC_0003056_downsampled.jpg,NV
ISIC_0054749.jpg,NV
ISIC_0032683.jpg,NV
ISIC_0027961.jpg,NV
ISIC_0056031.jpg,NV
ISIC_0000371.jpg,NV
ISIC_0072062.jpg,NV
ISIC_0072836.jpg,NV
ISIC_0072123.jpg,NV
ISIC_0072739.jpg,NV
ISIC_0003174_downsampled.jpg,NV
ISIC_0060473.jpg,NV
ISIC_0064124.jpg,NV
ISIC_0068256.jpg,NV
ISIC_0028098.jpg,NV
ISIC_0013346_downsampled.jpg,NV
ISIC_0070606.jpg,NV
ISIC_0032405.jpg,NV
ISIC_0027054.jpg,NV
ISIC_0070276.jpg,NV
ISIC_0062334.jpg,NV
ISIC_0025147.jpg,NV
ISIC_0058340.jpg,NV
ISIC_0027459.jpg,NV
ISIC_0026600.jpg,NV
ISIC_0013001_downsampled.jpg,NV
ISIC_0031483.jpg,NV
ISIC_0026578.jpg,NV
ISIC_0027311.jpg,NV
ISIC_0009870.jpg,NV
ISIC_0032263.jpg,NV
ISIC_0063312.jpg,NV
ISIC_0025226.jpg,NV
ISIC_0032257.jpg,NV
ISIC_0072314.jpg,NV
ISIC_0071042.jpg,NV
ISIC_0011090.jpg,NV
ISIC_0063441.jpg,NV
ISIC_0000271.jpg,NV
ISIC_0071861.jpg,NV
ISIC_0026231.jpg,NV
ISIC_0065412.jpg,NV
ISIC_0025149.jpg,NV
ISIC_0030399.jpg,NV
ISIC_0030439.jpg,NV
ISIC_0064265.jpg,NV
ISIC_0061913.jpg,NV
ISIC_0032064.jpg,NV
ISIC_0014430_downsampled.jpg,NV
ISIC_0027503.jpg,NV
ISIC_0028907.jpg,NV
ISIC_0029769.jpg,NV
ISIC_0032385.jpg,NV
ISIC_0033536.jpg,NV
ISIC_0067218.jpg,NV
ISIC_0027246.jpg,NV
ISIC_0028424.jpg,NV
ISIC_0053940.jpg,NV
ISIC_0028785.jpg,NV
ISIC_0010340.jpg,NV
ISIC_0029095.jpg,NV
ISIC_0029554.jpg,NV
ISIC_0058166.jpg,NV
ISIC_0031555.jpg,NV
ISIC_0033191.jpg,NV
ISIC_0060907.jpg,NV
ISIC_0029835.jpg,NV
ISIC_0028938.jpg,NV
ISIC_0025756.jpg,NV
ISIC_0069507.jpg,NV
ISIC_0053931.jpg,NV
ISIC_0033265.jpg,NV
ISIC_0033647.jpg,NV
ISIC_0026370.jpg,NV
ISIC_0030144.jpg,NV
ISIC_0065392.jpg,NV
ISIC_0029728.jpg,NV
ISIC_0031933.jpg,NV
ISIC_0034285.jpg,NV
ISIC_0056340.jpg,NV
ISIC_0013230_downsampled.jpg,NV
ISIC_0028213.jpg,NV
ISIC_0058105.jpg,NV
ISIC_0054406.jpg,NV
ISIC_0060468.jpg,NV
ISIC_0000246.jpg,NV
ISIC_0003346_downsampled.jpg,NV
ISIC_0031781.jpg,NV
ISIC_0067041.jpg,NV
ISIC_0034116.jpg,NV
ISIC_0033160.jpg,NV
ISIC_0063820.jpg,NV
ISIC_0009946.jpg,NV
ISIC_0027924.jpg,NV
ISIC_0034147.jpg,NV
ISIC_0028902.jpg,NV
ISIC_0064665.jpg,NV
ISIC_0054433.jpg,NV
ISIC_0000250.jpg,NV
ISIC_0031817.jpg,NV
ISIC_0010254.jpg,NV
ISIC_0059179.jpg,NV
ISIC_0026883.jpg,NV
ISIC_0029635.jpg,NV
ISIC_0029405.jpg,NV
ISIC_0029722.jpg,NV
ISIC_0024350.jpg,NV
ISIC_0030462.jpg,NV
ISIC_0073138.jpg,NV
ISIC_0069930.jpg,NV
ISIC_0056274.jpg,NV
ISIC_0010471.jpg,NV
ISIC_0024483.jpg,NV
ISIC_0063934.jpg,NV
ISIC_0032281.jpg,NV
ISIC_0056784.jpg,NV
ISIC_0059993.jpg,NV
ISIC_0060601.jpg,NV
ISIC_0001216_downsampled.jpg,NV
ISIC_0014004_downsampled.jpg,NV
ISIC_0033463.jpg,NV
ISIC_0027756.jpg,NV
ISIC_0068544.jpg,NV
ISIC_0031178.jpg,NV
ISIC_0027398.jpg,NV
ISIC_0006982_downsampled.jpg,NV
ISIC_0071368.jpg,NV
ISIC_0054597.jpg,NV
ISIC_0029645.jpg,NV
ISIC_0029196.jpg,NV
ISIC_0070079.jpg,NV
ISIC_0024777.jpg,NV
ISIC_0011084.jpg,NV
ISIC_0068601.jpg,NV
ISIC_0010256.jpg,NV
ISIC_0061037.jpg,NV
ISIC_0028598.jpg,NV
ISIC_0031092.jpg,NV
ISIC_0055698.jpg,NV
ISIC_0031956.jpg,NV
ISIC_0024846.jpg,NV
ISIC_0067214.jpg,NV
ISIC_0028705.jpg,NV
ISIC_0062027.jpg,NV
ISIC_0067420.jpg,NV
ISIC_0027497.jpg,NV
ISIC_0029143.jpg,NV
ISIC_0054404.jpg,NV
ISIC_0060707.jpg,NV
ISIC_0031003.jpg,NV
ISIC_0059691.jpg,NV
ISIC_0071001.jpg,NV
ISIC_0024588.jpg,NV
ISIC_0000900_downsampled.jpg,NV
ISIC_0060921.jpg,NV
ISIC_0006776_downsampled.jpg,NV
ISIC_0068594.jpg,NV
ISIC_0053618.jpg,NV
ISIC_0030676.jpg,NV
ISIC_0029925.jpg,NV
ISIC_0031982.jpg,NV
ISIC_0032492.jpg,NV
ISIC_0013738_downsampled.jpg,NV
ISIC_0024540.jpg,NV
ISIC_0027861.jpg,NV
ISIC_0025895.jpg,NV
ISIC_0065394.jpg,NV
ISIC_0073183.jpg,NV
ISIC_0000357.jpg,NV
ISIC_0032772.jpg,NV
ISIC_0025488.jpg,NV
ISIC_0071389.jpg,NV
ISIC_0056579.jpg,NV
ISIC_0013226_downsampled.jpg,NV
ISIC_0072423.jpg,NV
ISIC_0062911.jpg,NV
ISIC_0025438.jpg,NV
ISIC_0014803_downsampled.jpg,NV
ISIC_0031205.jpg,NV
ISIC_0024815.jpg,NV
ISIC_0033086.jpg,NV
ISIC_0034149.jpg,NV
ISIC_0060595.jpg,NV
ISIC_0026605.jpg,NV
ISIC_0032830.jpg,NV
ISIC_0060251.jpg,NV
ISIC_0028196.jpg,NV
ISIC_0054304.jpg,NV
ISIC_0001769_downsampled.jpg,NV
ISIC_0061673.jpg,NV
ISIC_0025059.jpg,NV
ISIC_0034055.jpg,NV
ISIC_0056608.jpg,NV
ISIC_0064964.jpg,NV
ISIC_0033615.jpg,NV
ISIC_0031571.jpg,NV
ISIC_0032667.jpg,NV
ISIC_0072305.jpg,NV
ISIC_0055603.jpg,NV
ISIC_0060052.jpg,NV
ISIC_0027870.jpg,NV
ISIC_0033960.jpg,NV
ISIC_0072095.jpg,NV
ISIC_0062147.jpg,NV
ISIC_0071842.jpg,NV
ISIC_0071189.jpg,NV
ISIC_0031187.jpg,NV
ISIC_0071639.jpg,NV
ISIC_0010060.jpg,NV
ISIC_0026747.jpg,NV
ISIC_0066530.jpg,NV
ISIC_0010448.jpg,NV
ISIC_0056923.jpg,NV
ISIC_0031923.jpg,NV
ISIC_0064401.jpg,NV
ISIC_0028195.jpg,NV
ISIC_0027925.jpg,NV
ISIC_0054476.jpg,NV
ISIC_0012097_downsampled.jpg,NV
ISIC_0059536.jpg,NV
ISIC_0030350.jpg,NV
ISIC_0033933.jpg,NV
ISIC_0029152.jpg,NV
ISIC_0056872.jpg,NV
ISIC_0000224.jpg,NV
ISIC_0054730.jpg,NV
ISIC_0026782.jpg,NV
ISIC_0008029_downsampled.jpg,NV
ISIC_0011167.jpg,NV
ISIC_0032500.jpg,NV
ISIC_0000219.jpg,NV
ISIC_0060619.jpg,NV
ISIC_0057433.jpg,NV
ISIC_0015175_downsampled.jpg,NV
ISIC_0025729.jpg,NV
ISIC_0071602.jpg,NV
ISIC_0034178.jpg,NV
ISIC_0031059.jpg,NV
ISIC_0068168.jpg,NV
ISIC_0068925.jpg,NV
ISIC_0025561.jpg,NV
ISIC_0026683.jpg,NV
ISIC_0067199.jpg,NV
ISIC_0011110.jpg,NV
ISIC_0030853.jpg,NV
ISIC_0027698.jpg,NV
ISIC_0055917.jpg,NV
ISIC_0025978.jpg,NV
ISIC_0030920.jpg,NV
ISIC_0057150.jpg,NV
ISIC_0028540.jpg,NV
ISIC_0063388.jpg,NV
ISIC_0067410.jpg,NV
ISIC_0054586.jpg,NV
ISIC_0063817.jpg,NV
ISIC_0031623.jpg,NV
ISIC_0063626.jpg,NV
ISIC_0028068.jpg,NV
ISIC_0033966.jpg,NV
ISIC_0024682.jpg,NV
ISIC_0026474.jpg,NV
ISIC_0032591.jpg,NV
ISIC_0030035.jpg,NV
ISIC_0056836.jpg,NV
ISIC_0054483.jpg,NV
ISIC_0027289.jpg,NV
ISIC_0059813.jpg,NV
ISIC_0024529.jpg,NV
ISIC_0061269.jpg,NV
ISIC_0033360.jpg,NV
ISIC_0062435.jpg,NV
ISIC_0055903.jpg,NV
ISIC_0067989.jpg,NV
ISIC_0066949.jpg,NV
ISIC_0065465.jpg,NV
ISIC_0063594.jpg,NV
ISIC_0024534.jpg,NV
ISIC_0033604.jpg,NV
ISIC_0013437_downsampled.jpg,NV
ISIC_0014783_downsampled.jpg,NV
ISIC_0028882.jpg,NV
ISIC_0072802.jpg,NV
ISIC_0009873.jpg,NV
ISIC_0000038_downsampled.jpg,NV
ISIC_0026951.jpg,NV
ISIC_0030593.jpg,NV
ISIC_0029159.jpg,NV
ISIC_0030685.jpg,NV
ISIC_0030049.jpg,NV
ISIC_0025117.jpg,NV
ISIC_0003539_downsampled.jpg,NV
ISIC_0065342.jpg,NV
ISIC_0068591.jpg,NV
ISIC_0028793.jpg,NV
ISIC_0025309.jpg,NV
ISIC_0034187.jpg,NV
ISIC_0061102.jpg,NV
ISIC_0065202.jpg,NV
ISIC_0028614.jpg,NV
ISIC_0030763.jpg,NV
ISIC_0028864.jpg,NV
ISIC_0012126_downsampled.jpg,NV
ISIC_0031053.jpg,NV
ISIC_0033941.jpg,NV
ISIC_0009504_downsampled.jpg,NV
ISIC_0027013.jpg,NV
ISIC_0032801.jpg,NV
ISIC_0072500.jpg,NV
ISIC_0009936.jpg,NV
ISIC_0064071.jpg,NV
ISIC_0033291.jpg,NV
ISIC_0069641.jpg,NV
ISIC_0056326.jpg,NV
ISIC_0007760_downsampled.jpg,NV
ISIC_0068893.jpg,NV
ISIC_0059373.jpg,NV
ISIC_0060849.jpg,NV
ISIC_0033039.jpg,NV
ISIC_0066068.jpg,NV
ISIC_0062078.jpg,NV
ISIC_0031163.jpg,NV
ISIC_0067266.jpg,NV
ISIC_0032794.jpg,NV
ISIC_0032112.jpg,NV
ISIC_0033519.jpg,NV
ISIC_0033283.jpg,NV
ISIC_0070173.jpg,NV
ISIC_0058493.jpg,NV
ISIC_0024988.jpg,NV
ISIC_0034138.jpg,NV
ISIC_0029349.jpg,NV
ISIC_0029918.jpg,NV
ISIC_0014490_downsampled.jpg,NV
ISIC_0026373.jpg,NV
ISIC_0026102.jpg,NV
ISIC_0030379.jpg,NV
ISIC_0061634.jpg,NV
ISIC_0028535.jpg,NV
ISIC_0026392.jpg,NV
ISIC_0000360.jpg,NV
ISIC_0033436.jpg,NV
ISIC_0025160.jpg,NV
ISIC_0032803.jpg,NV
ISIC_0015962_downsampled.jpg,NV
ISIC_0029186.jpg,NV
ISIC_0033425.jpg,NV
ISIC_0015964_downsampled.jpg,NV
ISIC_0031144.jpg,NV
ISIC_0000069.jpg,NV
ISIC_0056009.jpg,NV
ISIC_0032399.jpg,NV
ISIC_0034234.jpg,NV
ISIC_0064853.jpg,NV
ISIC_0030327.jpg,NV
ISIC_0026761.jpg,NV
ISIC_0028378.jpg,NV
ISIC_0070638.jpg,NV
ISIC_0008207_downsampled.jpg,NV
ISIC_0028530.jpg,NV
ISIC_0002879_downsampled.jpg,NV
ISIC_0027467.jpg,NV
ISIC_0056495.jpg,NV
ISIC_0000239.jpg,NV
ISIC_0033357.jpg,NV
ISIC_0064572.jpg,NV
ISIC_0025367.jpg,NV
ISIC_0025619.jpg,NV
ISIC_0029423.jpg,NV
ISIC_0056580.jpg,NV
ISIC_0026595.jpg,NV
ISIC_0065436.jpg,NV
ISIC_0027516.jpg,NV
ISIC_0024817.jpg,NV
ISIC_0024645.jpg,NV
ISIC_0015031_downsampled.jpg,NV
ISIC_0053883.jpg,NV
ISIC_0058180.jpg,NV
ISIC_0071165.jpg,NV
ISIC_0030121.jpg,NV
ISIC_0031256.jpg,NV
ISIC_0030678.jpg,NV
ISIC_0054514.jpg,NV
ISIC_0025342.jpg,NV
ISIC_0031080.jpg,NV
ISIC_0060822.jpg,NV
ISIC_0032548.jpg,NV
ISIC_0060669.jpg,NV
ISIC_0056557.jpg,NV
ISIC_0029881.jpg,NV
ISIC_0056222.jpg,NV
ISIC_0063524.jpg,NV
ISIC_0025119.jpg,NV
ISIC_0054696.jpg,NV
ISIC_0067874.jpg,NV
ISIC_0027945.jpg,NV
ISIC_0069944.jpg,NV
ISIC_0071485.jpg,NV
ISIC_0027319.jpg,NV
ISIC_0054456.jpg,NV
ISIC_0069040.jpg,NV
ISIC_0071701.jpg,NV
ISIC_0033622.jpg,NV
ISIC_0028183.jpg,NV
ISIC_0029766.jpg,NV
ISIC_0013394_downsampled.jpg,NV
ISIC_0058923.jpg,NV
ISIC_0059367.jpg,NV
ISIC_0029997.jpg,NV
ISIC_0013748_downsampled.jpg,NV
ISIC_0061330.jpg,NV
ISIC_0029813.jpg,NV
ISIC_0028351.jpg,NV
ISIC_0027446.jpg,NV
ISIC_0006114_downsampled.jpg,NV
ISIC_0034110.jpg,NV
ISIC_0034193.jpg,NV
ISIC_0026826.jpg,NV
ISIC_0001242_downsampled.jpg,NV
ISIC_0055863.jpg,NV
ISIC_0071391.jpg,NV
ISIC_0062677.jpg,NV
ISIC_0030236.jpg,NV
ISIC_0034112.jpg,NV
ISIC_0055083.jpg,NV
ISIC_0027970.jpg,NV
ISIC_0061943.jpg,NV
ISIC_0031160.jpg,NV
ISIC_0068173.jpg,NV
ISIC_0033162.jpg,NV
ISIC_0060088.jpg,NV
ISIC_0027070.jpg,NV
ISIC_0061538.jpg,NV
ISIC_0065768.jpg,NV
ISIC_0032971.jpg,NV
ISIC_0070513.jpg,NV
ISIC_0029240.jpg,NV
ISIC_0030243.jpg,NV
ISIC_0024721.jpg,NV
ISIC_0067866.jpg,NV
ISIC_0011120.jpg,NV
ISIC_0070098.jpg,NV
ISIC_0025635.jpg,NV
ISIC_0025847.jpg,NV
ISIC_0027878.jpg,NV
ISIC_0025441.jpg,NV
ISIC_0031924.jpg,NV
ISIC_0010465.jpg,NV
ISIC_0010248.jpg,NV
ISIC_0000249.jpg,NV
ISIC_0012804_downsampled.jpg,NV
ISIC_0056651.jpg,NV
ISIC_0026179.jpg,NV
ISIC_0033255.jpg,NV
ISIC_0059469.jpg,NV
ISIC_0028725.jpg,NV
ISIC_0066475.jpg,NV
ISIC_0025150.jpg,NV
ISIC_0009980.jpg,NV
ISIC_0010449.jpg,NV
ISIC_0071277.jpg,NV
ISIC_0029817.jpg,NV
ISIC_0057792.jpg,NV
ISIC_0008785_downsampled.jpg,NV
ISIC_0007038_downsampled.jpg,NV
ISIC_0027718.jpg,NV
ISIC_0030052.jpg,NV
ISIC_0029469.jpg,NV
ISIC_0066064.jpg,NV
ISIC_0032860.jpg,NV
ISIC_0031402.jpg,NV
ISIC_0031603.jpg,NV
ISIC_0000339.jpg,NV
ISIC_0069653.jpg,NV
ISIC_0025021.jpg,NV
ISIC_0060887.jpg,NV
ISIC_0064865.jpg,NV
ISIC_0014961_downsampled.jpg,NV
ISIC_0029890.jpg,NV
ISIC_0058251.jpg,NV
ISIC_0033767.jpg,NV
ISIC_0070923.jpg,NV
ISIC_0025161.jpg,NV
ISIC_0034308.jpg,NV
ISIC_0010087.jpg,NV
ISIC_0069581.jpg,NV
ISIC_0025706.jpg,NV
ISIC_0028310.jpg,NV
ISIC_0033223.jpg,NV
ISIC_0026123.jpg,NV
ISIC_0007693_downsampled.jpg,NV
ISIC_0012836_downsampled.jpg,NV
ISIC_0009988.jpg,NV
ISIC_0057005.jpg,NV
ISIC_0065337.jpg,NV
ISIC_0060451.jpg,NV
ISIC_0025566.jpg,NV
ISIC_0030410.jpg,NV
ISIC_0070392.jpg,NV
ISIC_0025640.jpg,NV
ISIC_0056648.jpg,NV
ISIC_0032020.jpg,NV
ISIC_0031932.jpg,NV
ISIC_0062950.jpg,NV
ISIC_0055290.jpg,NV
ISIC_0029009.jpg,NV
ISIC_0072165.jpg,NV
ISIC_0015355_downsampled.jpg,NV
ISIC_0008025_downsampled.jpg,NV
ISIC_0024406.jpg,NV
ISIC_0025581.jpg,NV
ISIC_0055640.jpg,NV
ISIC_0025246.jpg,NV
ISIC_0010492.jpg,NV
ISIC_0031437.jpg,NV
ISIC_0030176.jpg,NV
ISIC_0071796.jpg,NV
ISIC_0012378_downsampled.jpg,NV
ISIC_0024668.jpg,NV
ISIC_0061846.jpg,NV
ISIC_0060059.jpg,NV
ISIC_0026067.jpg,NV
ISIC_0029328.jpg,NV
ISIC_0026880.jpg,NV
ISIC_0025638.jpg,NV
ISIC_0063603.jpg,NV
ISIC_0070659.jpg,NV
ISIC_0025727.jpg,NV
ISIC_0013026_downsampled.jpg,NV
ISIC_0062193.jpg,NV
ISIC_0060296.jpg,NV
ISIC_0072806.jpg,NV
ISIC_0030429.jpg,NV
ISIC_0032512.jpg,NV
ISIC_0066348.jpg,NV
ISIC_0063549.jpg,NV
ISIC_0009939.jpg,NV
ISIC_0024908.jpg,NV
ISIC_0029131.jpg,NV
ISIC_0024594.jpg,NV
ISIC_0032691.jpg,NV
ISIC_0064648.jpg,NV
ISIC_0033220.jpg,NV
ISIC_0054509.jpg,NV
ISIC_0060496.jpg,NV
ISIC_0033988.jpg,NV
ISIC_0033641.jpg,NV
ISIC_0002806_downsampled.jpg,NV
ISIC_0000240.jpg,NV
ISIC_0015140_downsampled.jpg,NV
ISIC_0033046.jpg,NV
ISIC_0031663.jpg,NV
ISIC_0032380.jpg,NV
ISIC_0069760.jpg,NV
ISIC_0055299.jpg,NV
ISIC_0028720.jpg,NV
ISIC_0057763.jpg,NV
ISIC_0030294.jpg,NV
ISIC_0061478.jpg,NV
ISIC_0024574.jpg,NV
ISIC_0032657.jpg,NV
ISIC_0027772.jpg,NV
ISIC_0013816_downsampled.jpg,NV
ISIC_0008507_downsampled.jpg,NV
ISIC_0029350.jpg,NV
ISIC_0028971.jpg,NV
ISIC_0061839.jpg,NV
ISIC_0061749.jpg,NV
ISIC_0032035.jpg,NV
ISIC_0063906.jpg,NV
ISIC_0014682_downsampled.jpg,NV
ISIC_0063062.jpg,NV
ISIC_0029953.jpg,NV
ISIC_0067389.jpg,NV
ISIC_0030289.jpg,NV
ISIC_0063583.jpg,NV
ISIC_0030740.jpg,NV
ISIC_0008406_downsampled.jpg,NV
ISIC_0069071.jpg,NV
ISIC_0063965.jpg,NV
ISIC_0026480.jpg,NV
ISIC_0054943.jpg,NV
ISIC_0030405.jpg,NV
ISIC_0071590.jpg,NV
ISIC_0033412.jpg,NV
ISIC_0016014_downsampled.jpg,NV
ISIC_0067738.jpg,NV
ISIC_0032647.jpg,NV
ISIC_0015992_downsampled.jpg,NV
ISIC_0001212_downsampled.jpg,NV
ISIC_0064205.jpg,NV
ISIC_0011230.jpg,NV
ISIC_0058057.jpg,NV
ISIC_0025253.jpg,NV
ISIC_0072017.jpg,NV
ISIC_0026819.jpg,NV
ISIC_0055591.jpg,NV
ISIC_0024401.jpg,NV
ISIC_0027133.jpg,NV
ISIC_0055114.jpg,NV
ISIC_0033072.jpg,NV
ISIC_0031293.jpg,NV
ISIC_0034054.jpg,NV
ISIC_0027201.jpg,NV
ISIC_0000363.jpg,NV
ISIC_0065510.jpg,NV
ISIC_0070947.jpg,NV
ISIC_0024467.jpg,NV
ISIC_0027224.jpg,NV
ISIC_0064719.jpg,NV
ISIC_0072080.jpg,NV
ISIC_0055633.jpg,NV
ISIC_0064533.jpg,NV
ISIC_0032140.jpg,NV
ISIC_0025418.jpg,NV
ISIC_0028342.jpg,NV
ISIC_0026879.jpg,NV
ISIC_0032166.jpg,NV
ISIC_0060134.jpg,NV
ISIC_0027157.jpg,NV
ISIC_0031739.jpg,NV
ISIC_0013140_downsampled.jpg,NV
ISIC_0062577.jpg,NV
ISIC_0001188_downsampled.jpg,NV
ISIC_0009966.jpg,NV
ISIC_0064791.jpg,NV
ISIC_0071376.jpg,NV
ISIC_0059097.jpg,NV
ISIC_0029231.jpg,NV
ISIC_0067149.jpg,NV
ISIC_0033598.jpg,NV
ISIC_0028767.jpg,NV
ISIC_0057167.jpg,NV
ISIC_0027049.jpg,NV
ISIC_0027044.jpg,NV
ISIC_0059718.jpg,NV
ISIC_0033683.jpg,NV
ISIC_0028276.jpg,NV
ISIC_0026804.jpg,NV
ISIC_0034131.jpg,NV
ISIC_0065102.jpg,NV
ISIC_0058361.jpg,NV
ISIC_0058824.jpg,NV
ISIC_0033093.jpg,NV
ISIC_0034209.jpg,NV
ISIC_0053710.jpg,NV
ISIC_0033727.jpg,NV
ISIC_0067124.jpg,NV
ISIC_0071068.jpg,NV
ISIC_0053539.jpg,NV
ISIC_0024674.jpg,NV
ISIC_0027137.jpg,NV
ISIC_0060273.jpg,NV
ISIC_0064961.jpg,NV
ISIC_0000365.jpg,NV
ISIC_0032809.jpg,NV
ISIC_0000211.jpg,NV
ISIC_0059230.jpg,NV
ISIC_0000197_downsampled.jpg,NV
ISIC_0012740_downsampled.jpg,NV
ISIC_0057185.jpg,NV
ISIC_0072097.jpg,NV
ISIC_0029748.jpg,NV
ISIC_0055188.jpg,NV
ISIC_0033618.jpg,NV
ISIC_0012788_downsampled.jpg,NV
ISIC_0034053.jpg,NV
ISIC_0068748.jpg,NV
ISIC_0015954_downsampled.jpg,NV
ISIC_0058236.jpg,NV
ISIC_0030831.jpg,NV
ISIC_0033035.jpg,NV
ISIC_0061230.jpg,NV
ISIC_0010169.jpg,NV
ISIC_0067686.jpg,NV
ISIC_0070286.jpg,NV
ISIC_0000062_downsampled.jpg,NV
ISIC_0025678.jpg,NV
ISIC_0027301.jpg,NV
ISIC_0027050.jpg,NV
ISIC_0055566.jpg,NV
ISIC_0025516.jpg,NV
ISIC_0064097.jpg,NV
ISIC_0065572.jpg,NV
ISIC_0062784.jpg,NV
ISIC_0064879.jpg,NV
ISIC_0015368_downsampled.jpg,NV
ISIC_0053970.jpg,NV
ISIC_0030836.jpg,NV
ISIC_0030404.jpg,NV
ISIC_0033167.jpg,NV
ISIC_0071261.jpg,NV
ISIC_0054554.jpg,NV
ISIC_0063663.jpg,NV
ISIC_0029646.jpg,NV
ISIC_0034098.jpg,NV
ISIC_0060046.jpg,NV
ISIC_0031645.jpg,NV
ISIC_0063204.jpg,NV
ISIC_0014839_downsampled.jpg,NV
ISIC_0057777.jpg,NV
ISIC_0063444.jpg,NV
ISIC_0055947.jpg,NV
ISIC_0025861.jpg,NV
ISIC_0024379.jpg,NV
ISIC_0000191_downsampled.jpg,NV
ISIC_0015476_downsampled.jpg,NV
ISIC_0068858.jpg,NV
ISIC_0069959.jpg,NV
ISIC_0034088.jpg,NV
ISIC_0027152.jpg,NV
ISIC_0012970_downsampled.jpg,NV
ISIC_0010233.jpg,NV
ISIC_0010481.jpg,NV
ISIC_0015258_downsampled.jpg,NV
ISIC_0066873.jpg,NV
ISIC_0029447.jpg,NV
ISIC_0033256.jpg,NV
ISIC_0067573.jpg,NV
ISIC_0014930_downsampled.jpg,NV
ISIC_0032588.jpg,NV
ISIC_0025328.jpg,NV
ISIC_0069309.jpg,NV
ISIC_0031861.jpg,NV
ISIC_0002829_downsampled.jpg,NV
ISIC_0028852.jpg,NV
ISIC_0027176.jpg,NV
ISIC_0067172.jpg,NV
ISIC_0028762.jpg,NV
ISIC_0012109_downsampled.jpg,NV
ISIC_0024941.jpg,NV
ISIC_0026487.jpg,NV
ISIC_0030750.jpg,NV
ISIC_0011330.jpg,NV
ISIC_0054417.jpg,NV
ISIC_0024752.jpg,NV
ISIC_0067391.jpg,NV
ISIC_0031142.jpg,NV
ISIC_0063670.jpg,NV
ISIC_0058546.jpg,NV
ISIC_0065541.jpg,NV
ISIC_0073220.jpg,NV
ISIC_0032631.jpg,NV
ISIC_0064908.jpg,NV
ISIC_0072503.jpg,NV
ISIC_0062810.jpg,NV
ISIC_0012118_downsampled.jpg,NV
ISIC_0031880.jpg,NV
ISIC_0055711.jpg,NV
ISIC_0067168.jpg,NV
ISIC_0054145.jpg,NV
ISIC_0011384.jpg,NV
ISIC_0069298.jpg,NV
ISIC_0057339.jpg,NV
ISIC_0068712.jpg,NV
ISIC_0009940.jpg,NV
ISIC_0057444.jpg,NV
ISIC_0058710.jpg,NV
ISIC_0026732.jpg,NV
ISIC_0033918.jpg,NV
ISIC_0029055.jpg,NV
ISIC_0055199.jpg,NV
ISIC_0024963.jpg,NV
ISIC_0054576.jpg,NV
ISIC_0030697.jpg,NV
ISIC_0027014.jpg,NV
ISIC_0031158.jpg,NV
ISIC_0027087.jpg,NV
ISIC_0060295.jpg,NV
ISIC_0067453.jpg,NV
ISIC_0009935.jpg,NV
ISIC_0024428.jpg,NV
ISIC_0057236.jpg,NV
ISIC_0027979.jpg,NV
ISIC_0027485.jpg,NV
ISIC_0012147_downsampled.jpg,NV
ISIC_0031599.jpg,NV
ISIC_0064659.jpg,NV
ISIC_0033101.jpg,NV
ISIC_0056270.jpg,NV
ISIC_0024341.jpg,NV
ISIC_0058752.jpg,NV
ISIC_0063565.jpg,NV
ISIC_0063030.jpg,NV
ISIC_0058812.jpg,NV
ISIC_0066099.jpg,NV
ISIC_0055740.jpg,NV
ISIC_0032779.jpg,NV
ISIC_0024830.jpg,NV
ISIC_0009990.jpg,NV
ISIC_0056040.jpg,NV
ISIC_0031857.jpg,NV
ISIC_0000196_downsampled.jpg,NV
ISIC_0027331.jpg,NV
ISIC_0031106.jpg,NV
ISIC_0067870.jpg,NV
ISIC_0012871_downsampled.jpg,NV
ISIC_0028850.jpg,NV
ISIC_0027417.jpg,NV
ISIC_0034312.jpg,NV
ISIC_0012495_downsampled.jpg,NV
ISIC_0054307.jpg,NV
ISIC_0027848.jpg,NV
ISIC_0030592.jpg,NV
ISIC_0028286.jpg,NV
ISIC_0032542.jpg,NV
ISIC_0013090_downsampled.jpg,NV
ISIC_0025961.jpg,NV
ISIC_0026201.jpg,NV
ISIC_0069847.jpg,NV
ISIC_0031848.jpg,NV
ISIC_0033229.jpg,NV
ISIC_0060781.jpg,NV
ISIC_0027515.jpg,NV
ISIC_0027729.jpg,NV
ISIC_0032276.jpg,NV
ISIC_0063314.jpg,NV
ISIC_0026130.jpg,NV
ISIC_0015002_downsampled.jpg,NV
ISIC_0054475.jpg,NV
ISIC_0026137.jpg,NV
ISIC_0015440_downsampled.jpg,NV
ISIC_0026889.jpg,NV
ISIC_0066415.jpg,NV
ISIC_0027765.jpg,NV
ISIC_0031102.jpg,NV
ISIC_0012655_downsampled.jpg,NV
ISIC_0015232_downsampled.jpg,NV
ISIC_0008145_downsampled.jpg,NV
ISIC_0026199.jpg,NV
ISIC_0034309.jpg,NV
ISIC_0011107.jpg,NV
ISIC_0071127.jpg,NV
ISIC_0064488.jpg,NV
ISIC_0033048.jpg,NV
ISIC_0066607.jpg,NV
ISIC_0056617.jpg,NV
ISIC_0060019.jpg,NV
ISIC_0029978.jpg,NV
ISIC_0029045.jpg,NV
ISIC_0024352.jpg,NV
ISIC_0063212.jpg,NV
ISIC_0027028.jpg,NV
ISIC_0062417.jpg,NV
ISIC_0064820.jpg,NV
ISIC_0055301.jpg,NV
ISIC_0068634.jpg,NV
ISIC_0029704.jpg,NV
ISIC_0067067.jpg,NV
ISIC_0031446.jpg,NV
ISIC_0070617.jpg,NV
ISIC_0032908.jpg,NV
ISIC_0064554.jpg,NV
ISIC_0030917.jpg,NV
ISIC_0063590.jpg,NV
ISIC_0058360.jpg,NV
ISIC_0031896.jpg,NV
ISIC_0029215.jpg,NV
ISIC_0000071.jpg,NV
ISIC_0056467.jpg,NV
ISIC_0015011_downsampled.jpg,NV
ISIC_0059704.jpg,NV
ISIC_0014854_downsampled.jpg,NV
ISIC_0028532.jpg,NV
ISIC_0029134.jpg,NV
ISIC_0067257.jpg,NV
ISIC_0031366.jpg,NV
ISIC_0004168_downsampled.jpg,NV
ISIC_0024975.jpg,NV
ISIC_0032054.jpg,NV
ISIC_0028134.jpg,NV
ISIC_0031079.jpg,NV
ISIC_0028524.jpg,NV
ISIC_0069441.jpg,NV
ISIC_0010374.jpg,NV
ISIC_0028327.jpg,NV
ISIC_0066641.jpg,NV
ISIC_0053696.jpg,NV
ISIC_0057836.jpg,NV
ISIC_0066970.jpg,NV
ISIC_0031829.jpg,NV
ISIC_0070808.jpg,NV
ISIC_0015975_downsampled.jpg,NV
ISIC_0055856.jpg,NV
ISIC_0012230_downsampled.jpg,NV
ISIC_0010851.jpg,NV
ISIC_0034297.jpg,NV
ISIC_0000263.jpg,NV
ISIC_0032969.jpg,NV
ISIC_0029844.jpg,NV
ISIC_0067414.jpg,NV
ISIC_0033771.jpg,NV
ISIC_0032443.jpg,NV
ISIC_0061551.jpg,NV
ISIC_0025412.jpg,NV
ISIC_0027280.jpg,NV
ISIC_0066111.jpg,NV
ISIC_0012493_downsampled.jpg,NV
ISIC_0014694_downsampled.jpg,NV
ISIC_0027879.jpg,NV
ISIC_0061087.jpg,NV
ISIC_0031048.jpg,NV
ISIC_0069136.jpg,NV
ISIC_0055533.jpg,NV
ISIC_0031708.jpg,NV
ISIC_0067058.jpg,NV
ISIC_0006193_downsampled.jpg,NV
ISIC_0024717.jpg,NV
ISIC_0071564.jpg,NV
ISIC_0068154.jpg,NV
ISIC_0013121_downsampled.jpg,NV
ISIC_0068105.jpg,NV
ISIC_0053554.jpg,NV
ISIC_0028456.jpg,NV
ISIC_0058171.jpg,NV
ISIC_0026896.jpg,NV
ISIC_0067533.jpg,NV
ISIC_0028648.jpg,NV
ISIC_0057066.jpg,NV
ISIC_0031232.jpg,NV
ISIC_0059107.jpg,NV
ISIC_0031089.jpg,NV
ISIC_0065586.jpg,NV
ISIC_0025058.jpg,NV
ISIC_0013896_downsampled.jpg,NV
ISIC_0058574.jpg,NV
ISIC_0054119.jpg,NV
ISIC_0062648.jpg,NV
ISIC_0067924.jpg,NV
ISIC_0025482.jpg,NV
ISIC_0028425.jpg,NV
ISIC_0032312.jpg,NV
ISIC_0029862.jpg,NV
ISIC_0061729.jpg,NV
ISIC_0060261.jpg,NV
ISIC_0072412.jpg,NV
ISIC_0031934.jpg,NV
ISIC_0011402.jpg,NV
ISIC_0053574.jpg,NV
ISIC_0063440.jpg,NV
ISIC_0027697.jpg,NV
ISIC_0071407.jpg,NV
ISIC_0030619.jpg,NV
ISIC_0033285.jpg,NV
ISIC_0015636_downsampled.jpg,NV
ISIC_0027750.jpg,NV
ISIC_0030739.jpg,NV
ISIC_0071106.jpg,NV
ISIC_0034075.jpg,NV
ISIC_0000228.jpg,NV
ISIC_0030447.jpg,NV
ISIC_0026986.jpg,NV
ISIC_0013025_downsampled.jpg,NV
ISIC_0032421.jpg,NV
ISIC_0025609.jpg,NV
ISIC_0029959.jpg,NV
ISIC_0025347.jpg,NV
ISIC_0001275_downsampled.jpg,NV
ISIC_0001187_downsampled.jpg,NV
ISIC_0065275.jpg,NV
ISIC_0056555.jpg,NV
ISIC_0066510.jpg,NV
ISIC_0058208.jpg,NV
ISIC_0068408.jpg,NV
ISIC_0060402.jpg,NV
ISIC_0056509.jpg,NV
ISIC_0034135.jpg,NV
ISIC_0015466_downsampled.jpg,NV
ISIC_0067179.jpg,NV
ISIC_0025646.jpg,NV
ISIC_0025204.jpg,NV
ISIC_0032859.jpg,NV
ISIC_0071343.jpg,NV
ISIC_0028658.jpg,NV
ISIC_0030418.jpg,NV
ISIC_0010066.jpg,NV
ISIC_0064461.jpg,NV
ISIC_0026134.jpg,NV
ISIC_0025570.jpg,NV
ISIC_0065273.jpg,NV
ISIC_0033118.jpg,NV
ISIC_0000003.jpg,NV
ISIC_0065529.jpg,NV
ISIC_0009298_downsampled.jpg,NV
ISIC_0067842.jpg,NV
ISIC_0072575.jpg,NV
ISIC_0057495.jpg,NV
ISIC_0054683.jpg,NV
ISIC_0069519.jpg,NV
ISIC_0028423.jpg,NV
ISIC_0071464.jpg,NV
ISIC_0028510.jpg,NV
ISIC_0027661.jpg,NV
ISIC_0072210.jpg,NV
ISIC_0065297.jpg,NV
ISIC_0054115.jpg,NV
ISIC_0058615.jpg,NV
ISIC_0054393.jpg,NV
ISIC_0015310_downsampled.jpg,NV
ISIC_0000264.jpg,NV
ISIC_0034164.jpg,NV
ISIC_0070941.jpg,NV
ISIC_0028950.jpg,NV
ISIC_0056897.jpg,NV
ISIC_0028367.jpg,NV
ISIC_0025293.jpg,NV
ISIC_0027603.jpg,NV
ISIC_0061873.jpg,NV
ISIC_0000358.jpg,NV
ISIC_0069364.jpg,NV
ISIC_0056720.jpg,NV
ISIC_0073025.jpg,NV
ISIC_0059938.jpg,NV
ISIC_0033014.jpg,NV
ISIC_0027758.jpg,NV
ISIC_0058530.jpg,NV
ISIC_0064466.jpg,NV
ISIC_0031227.jpg,NV
ISIC_0027596.jpg,NV
ISIC_0068890.jpg,NV
ISIC_0009947.jpg,NV
ISIC_0014910_downsampled.jpg,NV
ISIC_0015019_downsampled.jpg,NV
ISIC_0063804.jpg,NV
ISIC_0068540.jpg,NV
ISIC_0012211_downsampled.jpg,NV
ISIC_0033745.jpg,NV
ISIC_0067932.jpg,NV
ISIC_0026971.jpg,NV
ISIC_0067693.jpg,NV
ISIC_0024614.jpg,NV
ISIC_0000269.jpg,NV
ISIC_0028514.jpg,NV
ISIC_0010473.jpg,NV
ISIC_0025267.jpg,NV
ISIC_0068448.jpg,NV
ISIC_0032994.jpg,NV
ISIC_0025833.jpg,NV
ISIC_0031516.jpg,NV
ISIC_0026097.jpg,NV
ISIC_0028390.jpg,NV
ISIC_0071733.jpg,NV
ISIC_0034020.jpg,NV
ISIC_0028839.jpg,NV
ISIC_0059753.jpg,NV
ISIC_0065383.jpg,NV
ISIC_0032516.jpg,NV
ISIC_0032183.jpg,NV
ISIC_0007557_downsampled.jpg,NV
ISIC_0033625.jpg,NV
ISIC_0009956.jpg,NV
ISIC_0012159_downsampled.jpg,NV
ISIC_0011079.jpg,NV
ISIC_0024348.jpg,NV
ISIC_0060486.jpg,NV
ISIC_0064643.jpg,NV
ISIC_0058328.jpg,NV
ISIC_0071567.jpg,NV
ISIC_0013383_downsampled.jpg,NV
ISIC_0028484.jpg,NV
ISIC_0032893.jpg,NV
ISIC_0029103.jpg,NV
ISIC_0033040.jpg,NV
ISIC_0057737.jpg,NV
ISIC_0010849.jpg,NV
ISIC_0032620.jpg,NV
ISIC_0063544.jpg,NV
ISIC_0065847.jpg,NV
ISIC_0061199.jpg,NV
ISIC_0001186_downsampled.jpg,NV
ISIC_0028349.jpg,NV
ISIC_0028811.jpg,NV
ISIC_0068661.jpg,NV
ISIC_0031210.jpg,NV
ISIC_0016025_downsampled.jpg,NV
ISIC_0061601.jpg,NV
ISIC_0027614.jpg,NV
ISIC_0029972.jpg,NV
ISIC_0067467.jpg,NV
ISIC_0015468_downsampled.jpg,NV
ISIC_0025721.jpg,NV
ISIC_0061605.jpg,NV
ISIC_0057202.jpg,NV
ISIC_0024783.jpg,NV
ISIC_0059000.jpg,NV
ISIC_0027348.jpg,NV
ISIC_0072403.jpg,NV
ISIC_0062306.jpg,NV
ISIC_0029471.jpg,NV
ISIC_0029305.jpg,NV
ISIC_0069562.jpg,NV
ISIC_0060360.jpg,NV
ISIC_0024342.jpg,NV
ISIC_0008879_downsampled.jpg,NV
ISIC_0030016.jpg,NV
ISIC_0063244.jpg,NV
ISIC_0068230.jpg,NV
ISIC_0030524.jpg,NV
ISIC_0028245.jpg,NV
ISIC_0067436.jpg,NV
ISIC_0055851.jpg,NV
ISIC_0030384.jpg,NV
ISIC_0066012.jpg,NV
ISIC_0067976.jpg,NV
ISIC_0030262.jpg,NV
ISIC_0000023_downsampled.jpg,NV
ISIC_0000207_downsampled.jpg,NV
ISIC_0000177_downsampled.jpg,NV
ISIC_0066508.jpg,NV
ISIC_0027885.jpg,NV
ISIC_0028009.jpg,NV
ISIC_0064239.jpg,NV
ISIC_0026096.jpg,NV
ISIC_0027630.jpg,NV
ISIC_0065996.jpg,NV
ISIC_0055804.jpg,NV
ISIC_0004985_downsampled.jpg,NV
ISIC_0031472.jpg,NV
ISIC_0026609.jpg,NV
ISIC_0025399.jpg,NV
ISIC_0015950_downsampled.jpg,NV
ISIC_0001367_downsampled.jpg,NV
ISIC_0032658.jpg,NV
ISIC_0031153.jpg,NV
ISIC_0026962.jpg,NV
ISIC_0027318.jpg,NV
ISIC_0025100.jpg,NV
ISIC_0068724.jpg,NV
ISIC_0064370.jpg,NV
ISIC_0014740_downsampled.jpg,NV
ISIC_0025956.jpg,NV
ISIC_0031259.jpg,NV
ISIC_0024677.jpg,NV
ISIC_0000244.jpg,NV
ISIC_0033738.jpg,NV
ISIC_0059312.jpg,NV
ISIC_0014680_downsampled.jpg,NV
ISIC_0054962.jpg,NV
ISIC_0028783.jpg,NV
ISIC_0059962.jpg,NV
ISIC_0010086.jpg,NV
ISIC_0072313.jpg,NV
ISIC_0026610.jpg,NV
ISIC_0014938_downsampled.jpg,NV
ISIC_0008524_downsampled.jpg,NV
ISIC_0000234.jpg,NV
ISIC_0053752.jpg,NV
ISIC_0072085.jpg,NV
ISIC_0062061.jpg,NV
ISIC_0028844.jpg,NV
ISIC_0060388.jpg,NV
ISIC_0000220.jpg,NV
ISIC_0062546.jpg,NV
ISIC_0068735.jpg,NV
ISIC_0026459.jpg,NV
ISIC_0065783.jpg,NV
ISIC_0027805.jpg,NV
ISIC_0059844.jpg,NV
ISIC_0056808.jpg,NV
ISIC_0033228.jpg,NV
ISIC_0028621.jpg,NV
ISIC_0026806.jpg,NV
ISIC_0026328.jpg,NV
ISIC_0027881.jpg,NV
ISIC_0000322.jpg,NV
ISIC_0033294.jpg,NV
ISIC_0062538.jpg,NV
ISIC_0057381.jpg,NV
ISIC_0033418.jpg,NV
ISIC_0029306.jpg,NV
ISIC_0025936.jpg,NV
ISIC_0030505.jpg,NV
ISIC_0032478.jpg,NV
ISIC_0027458.jpg,NV
ISIC_0060268.jpg,NV
ISIC_0025834.jpg,NV
ISIC_0058719.jpg,NV
ISIC_0055239.jpg,NV
ISIC_0027853.jpg,NV
ISIC_0025967.jpg,NV
ISIC_0032930.jpg,NV
ISIC_0069901.jpg,NV
ISIC_0066651.jpg,NV
ISIC_0059805.jpg,NV
ISIC_0033045.jpg,NV
ISIC_0024580.jpg,NV
ISIC_0025738.jpg,NV
ISIC_0059470.jpg,NV
ISIC_0032980.jpg,NV
ISIC_0058700.jpg,NV
ISIC_0058242.jpg,NV
ISIC_0026820.jpg,NV
ISIC_0068001.jpg,NV
ISIC_0073027.jpg,NV
ISIC_0024601.jpg,NV
ISIC_0030702.jpg,NV
ISIC_0033898.jpg,NV
ISIC_0058869.jpg,NV
ISIC_0055488.jpg,NV
ISIC_0014959_downsampled.jpg,NV
ISIC_0026998.jpg,NV
ISIC_0028384.jpg,NV
ISIC_0032712.jpg,NV
ISIC_0026164.jpg,NV
ISIC_0059721.jpg,NV
ISIC_0026499.jpg,NV
ISIC_0072016.jpg,NV
ISIC_0026550.jpg,NV
ISIC_0032933.jpg,NV
ISIC_0026613.jpg,NV
ISIC_0031917.jpg,NV
ISIC_0031081.jpg,NV
ISIC_0057480.jpg,NV
ISIC_0026293.jpg,NV
ISIC_0032795.jpg,NV
ISIC_0024927.jpg,NV
ISIC_0065842.jpg,NV
ISIC_0030581.jpg,NV
ISIC_0026581.jpg,NV
ISIC_0064916.jpg,NV
ISIC_0034244.jpg,NV
ISIC_0071572.jpg,NV
ISIC_0068429.jpg,NV
ISIC_0072774.jpg,NV
ISIC_0029050.jpg,NV
ISIC_0032296.jpg,NV
ISIC_0025369.jpg,NV
ISIC_0072860.jpg,NV
ISIC_0032332.jpg,NV
ISIC_0033827.jpg,NV
ISIC_0007788_downsampled.jpg,NV
ISIC_0012654_downsampled.jpg,NV
ISIC_0029310.jpg,NV
ISIC_0066151.jpg,NV
ISIC_0031869.jpg,NV
ISIC_0062867.jpg,NV
ISIC_0025424.jpg,NV
ISIC_0015013_downsampled.jpg,NV
ISIC_0024768.jpg,NV
ISIC_0029727.jpg,NV
ISIC_0032151.jpg,NV
ISIC_0026144.jpg,NV
ISIC_0033053.jpg,NV
ISIC_0055994.jpg,NV
ISIC_0000332.jpg,NV
ISIC_0033621.jpg,NV
ISIC_0028572.jpg,NV
ISIC_0030588.jpg,NV
ISIC_0032007.jpg,NV
ISIC_0055858.jpg,NV
ISIC_0069078.jpg,NV
ISIC_0066229.jpg,NV
ISIC_0030693.jpg,NV
ISIC_0056884.jpg,NV
ISIC_0033433.jpg,NV
ISIC_0066034.jpg,NV
ISIC_0061109.jpg,NV
ISIC_0028891.jpg,NV
ISIC_0068471.jpg,NV
ISIC_0033862.jpg,NV
ISIC_0062028.jpg,NV
ISIC_0073212.jpg,NV
ISIC_0027623.jpg,NV
ISIC_0011357.jpg,NV
ISIC_0030009.jpg,NV
ISIC_0025142.jpg,NV
ISIC_0027114.jpg,NV
ISIC_0032837.jpg,NV
ISIC_0025437.jpg,NV
ISIC_0066424.jpg,NV
ISIC_0068530.jpg,NV
ISIC_0013688_downsampled.jpg,NV
ISIC_0034018.jpg,NV
ISIC_0033421.jpg,NV
ISIC_0032619.jpg,NV
ISIC_0010073.jpg,NV
ISIC_0031124.jpg,NV
ISIC_0062187.jpg,NV
ISIC_0064561.jpg,NV
ISIC_0072333.jpg,NV
ISIC_0014956_downsampled.jpg,NV
ISIC_0064125.jpg,NV
ISIC_0058730.jpg,NV
ISIC_0033373.jpg,NV
ISIC_0028682.jpg,NV
ISIC_0070774.jpg,NV
ISIC_0015217_downsampled.jpg,NV
ISIC_0033059.jpg,NV
ISIC_0015291_downsampled.jpg,NV
ISIC_0024378.jpg,NV
ISIC_0024363.jpg,NV
ISIC_0026037.jpg,NV
ISIC_0033439.jpg,NV
ISIC_0024715.jpg,NV
ISIC_0027183.jpg,NV
ISIC_0029222.jpg,NV
ISIC_0034277.jpg,NV
ISIC_0029938.jpg,NV
ISIC_0032390.jpg,NV
ISIC_0053821.jpg,NV
ISIC_0025168.jpg,NV
ISIC_0028281.jpg,NV
ISIC_0009035_downsampled.jpg,NV
ISIC_0032549.jpg,NV
ISIC_0053505.jpg,NV
ISIC_0026784.jpg,NV
ISIC_0031244.jpg,NV
ISIC_0054149.jpg,NV
ISIC_0029529.jpg,NV
ISIC_0028061.jpg,NV
ISIC_0032231.jpg,NV
ISIC_0024969.jpg,NV
ISIC_0034157.jpg,NV
ISIC_0063385.jpg,NV
ISIC_0054704.jpg,NV
ISIC_0028360.jpg,NV
ISIC_0069344.jpg,NV
ISIC_0029247.jpg,NV
ISIC_0031426.jpg,NV
ISIC_0000227.jpg,NV
ISIC_0055981.jpg,NV
ISIC_0069700.jpg,NV
ISIC_0060289.jpg,NV
ISIC_0058813.jpg,NV
ISIC_0069349.jpg,NV
ISIC_0014715_downsampled.jpg,NV
ISIC_0025483.jpg,NV
ISIC_0003462_downsampled.jpg,NV
ISIC_0014780_downsampled.jpg,NV
ISIC_0025421.jpg,NV
ISIC_0068028.jpg,NV
ISIC_0053920.jpg,NV
ISIC_0029379.jpg,NV
ISIC_0027020.jpg,NV
ISIC_0061468.jpg,NV
ISIC_0069067.jpg,NV
ISIC_0032362.jpg,NV
ISIC_0065852.jpg,NV
ISIC_0029326.jpg,NV
ISIC_0070024.jpg,NV
ISIC_0028759.jpg,NV
ISIC_0028983.jpg,NV
ISIC_0062511.jpg,NV
ISIC_0061903.jpg,NV
ISIC_0028295.jpg,NV
ISIC_0065580.jpg,NV
ISIC_0072727.jpg,NV
ISIC_0032587.jpg,NV
ISIC_0056584.jpg,NV
ISIC_0060948.jpg,NV
ISIC_0055922.jpg,NV
ISIC_0000034_downsampled.jpg,NV
ISIC_0068853.jpg,NV
ISIC_0025499.jpg,NV
ISIC_0058582.jpg,NV
ISIC_0031847.jpg,NV
ISIC_0010177.jpg,NV
ISIC_0068948.jpg,NV
ISIC_0030257.jpg,NV
ISIC_0013015_downsampled.jpg,NV
ISIC_0024355.jpg,NV
ISIC_0029716.jpg,NV
ISIC_0026935.jpg,NV
ISIC_0029609.jpg,NV
ISIC_0032770.jpg,NV
ISIC_0066113.jpg,NV
ISIC_0032009.jpg,NV
ISIC_0031230.jpg,NV
ISIC_0025892.jpg,NV
ISIC_0027432.jpg,NV
ISIC_0069205.jpg,NV
ISIC_0065323.jpg,NV
ISIC_0028019.jpg,NV
ISIC_0029901.jpg,NV
ISIC_0026434.jpg,NV
ISIC_0030641.jpg,NV
ISIC_0066342.jpg,NV
ISIC_0064637.jpg,NV
ISIC_0031480.jpg,NV
ISIC_0061859.jpg,NV
ISIC_0011101.jpg,NV
ISIC_0009888.jpg,NV
ISIC_0012949_downsampled.jpg,NV
ISIC_0026564.jpg,NV
ISIC_0015035_downsampled.jpg,NV
ISIC_0064186.jpg,NV
ISIC_0012683_downsampled.jpg,NV
ISIC_0057092.jpg,NV
ISIC_0061457.jpg,NV
ISIC_0033887.jpg,NV
ISIC_0053720.jpg,NV
ISIC_0070978.jpg,NV
ISIC_0054631.jpg,NV
ISIC_0024567.jpg,NV
ISIC_0061852.jpg,NV
ISIC_0026836.jpg,NV
ISIC_0058106.jpg,NV
ISIC_0030622.jpg,NV
ISIC_0014850_downsampled.jpg,NV
ISIC_0068179.jpg,NV
ISIC_0055719.jpg,NV
ISIC_0072167.jpg,NV
ISIC_0033288.jpg,NV
ISIC_0001267_downsampled.jpg,NV
ISIC_0060724.jpg,NV
ISIC_0028247.jpg,NV
ISIC_0013835_downsampled.jpg,NV
ISIC_0011298.jpg,NV
ISIC_0064367.jpg,NV
ISIC_0028320.jpg,NV
ISIC_0026036.jpg,NV
ISIC_0054867.jpg,NV
ISIC_0026800.jpg,NV
ISIC_0069073.jpg,NV
ISIC_0016043_downsampled.jpg,NV
ISIC_0067662.jpg,NV
ISIC_0027293.jpg,NV
ISIC_0034124.jpg,NV
ISIC_0029988.jpg,NV
ISIC_0010447.jpg,NV
ISIC_0024597.jpg,NV
ISIC_0030625.jpg,NV
ISIC_0027695.jpg,NV
ISIC_0027952.jpg,NV
ISIC_0030086.jpg,NV
ISIC_0003805_downsampled.jpg,NV
ISIC_0026279.jpg,NV
ISIC_0055269.jpg,NV
ISIC_0072244.jpg,NV
ISIC_0062065.jpg,NV
ISIC_0033760.jpg,NV
ISIC_0063592.jpg,NV
ISIC_0031936.jpg,NV
ISIC_0030546.jpg,NV
ISIC_0063602.jpg,NV
ISIC_0000009.jpg,NV
ISIC_0032256.jpg,NV
ISIC_0057193.jpg,NV
ISIC_0061842.jpg,NV
ISIC_0012684_downsampled.jpg,NV
ISIC_0025909.jpg,NV
ISIC_0057035.jpg,NV
ISIC_0027109.jpg,NV
ISIC_0067300.jpg,NV
ISIC_0026390.jpg,NV
ISIC_0015496_downsampled.jpg,NV
ISIC_0031750.jpg,NV
ISIC_0027510.jpg,NV
ISIC_0027980.jpg,NV
ISIC_0072324.jpg,NV
ISIC_0066640.jpg,NV
ISIC_0027091.jpg,NV
ISIC_0069396.jpg,NV
ISIC_0001296_downsampled.jpg,NV
ISIC_0059990.jpg,NV
ISIC_0060956.jpg,NV
ISIC_0069661.jpg,NV
ISIC_0066405.jpg,NV
ISIC_0056949.jpg,NV
ISIC_0015937_downsampled.jpg,NV
ISIC_0063028.jpg,NV
ISIC_0026886.jpg,NV
ISIC_0029666.jpg,NV
ISIC_0025314.jpg,NV
ISIC_0011223.jpg,NV
ISIC_0011397.jpg,NV
ISIC_0067771.jpg,NV
ISIC_0066660.jpg,NV
ISIC_0030557.jpg,NV
ISIC_0066321.jpg,NV
ISIC_0060635.jpg,NV
ISIC_0066653.jpg,NV
ISIC_0058071.jpg,NV
ISIC_0070624.jpg,NV
ISIC_0000253.jpg,NV
ISIC_0067431.jpg,NV
ISIC_0065175.jpg,NV
ISIC_0067930.jpg,NV
ISIC_0069326.jpg,NV
ISIC_0029096.jpg,NV
ISIC_0012737_downsampled.jpg,NV
ISIC_0054557.jpg,NV
ISIC_0013942_downsampled.jpg,NV
ISIC_0033025.jpg,NV
ISIC_0025446.jpg,NV
ISIC_0032227.jpg,NV
ISIC_0033998.jpg,NV
ISIC_0026705.jpg,NV
ISIC_0031704.jpg,NV
ISIC_0027086.jpg,NV
ISIC_0024907.jpg,NV
ISIC_0000265.jpg,NV
ISIC_0029154.jpg,NV
ISIC_0015941_downsampled.jpg,NV
ISIC_0032465.jpg,NV
ISIC_0002251_downsampled.jpg,NV
ISIC_0057696.jpg,NV
ISIC_0030567.jpg,NV
ISIC_0031758.jpg,NV
ISIC_0059322.jpg,NV
ISIC_0026408.jpg,NV
ISIC_0067590.jpg,NV
ISIC_0013417_downsampled.jpg,NV
ISIC_0063861.jpg,NV
ISIC_0056349.jpg,NV
ISIC_0054069.jpg,NV
ISIC_0025993.jpg,NV
ISIC_0064012.jpg,NV
ISIC_0000058_downsampled.jpg,NV
ISIC_0071954.jpg,NV
ISIC_0059267.jpg,NV
ISIC_0025344.jpg,NV
ISIC_0068989.jpg,NV
ISIC_0054298.jpg,NV
ISIC_0071821.jpg,NV
ISIC_0031325.jpg,NV
ISIC_0061164.jpg,NV
ISIC_0069175.jpg,NV
ISIC_0058210.jpg,NV
ISIC_0032321.jpg,NV
ISIC_0028957.jpg,NV
ISIC_0055443.jpg,NV
ISIC_0024309.jpg,NV
ISIC_0067176.jpg,NV
ISIC_0071097.jpg,NV
ISIC_0002836_downsampled.jpg,NV
ISIC_0030717.jpg,NV
ISIC_0055507.jpg,NV
ISIC_0069882.jpg,NV
ISIC_0058374.jpg,NV
ISIC_0031634.jpg,NV
ISIC_0015363_downsampled.jpg,NV
ISIC_0027946.jpg,NV
ISIC_0005639_downsampled.jpg,NV
ISIC_0029963.jpg,NV
ISIC_0032765.jpg,NV
ISIC_0011301.jpg,NV
ISIC_0055004.jpg,NV
ISIC_0003728_downsampled.jpg,NV
ISIC_0030663.jpg,NV
ISIC_0033858.jpg,NV
ISIC_0034220.jpg,NV
ISIC_0067517.jpg,NV
ISIC_0062705.jpg,NV
ISIC_0027866.jpg,NV
ISIC_0068861.jpg,NV
ISIC_0032410.jpg,NV
ISIC_0060688.jpg,NV
ISIC_0014957_downsampled.jpg,NV
ISIC_0030807.jpg,NV
ISIC_0030361.jpg,NV
ISIC_0070903.jpg,NV
ISIC_0056357.jpg,NV
ISIC_0053673.jpg,NV
ISIC_0026830.jpg,NV
ISIC_0030204.jpg,NV
ISIC_0056807.jpg,NV
ISIC_0009938.jpg,NV
ISIC_0025714.jpg,NV
ISIC_0069450.jpg,NV
ISIC_0062333.jpg,NV
ISIC_0065587.jpg,NV
ISIC_0057184.jpg,NV
ISIC_0026882.jpg,NV
ISIC_0058325.jpg,NV
ISIC_0058874.jpg,NV
ISIC_0066527.jpg,NV
ISIC_0055996.jpg,NV
ISIC_0071836.jpg,NV
ISIC_0010064.jpg,NV
ISIC_0031364.jpg,NV
ISIC_0025172.jpg,NV
ISIC_0030477.jpg,NV
ISIC_0061111.jpg,NV
ISIC_0033818.jpg,NV
ISIC_0031341.jpg,NV
ISIC_0025995.jpg,NV
ISIC_0058423.jpg,NV
ISIC_0030626.jpg,NV
ISIC_0015997_downsampled.jpg,NV
ISIC_0060745.jpg,NV
ISIC_0026419.jpg,NV
ISIC_0071454.jpg,NV
ISIC_0028735.jpg,NV
ISIC_0024753.jpg,NV
ISIC_0028429.jpg,NV
ISIC_0033605.jpg,NV
ISIC_0006914_downsampled.jpg,NV
ISIC_0032616.jpg,NV
ISIC_0000010.jpg,NV
ISIC_0030354.jpg,NV
ISIC_0067703.jpg,NV
ISIC_0024954.jpg,NV
ISIC_0071302.jpg,NV
ISIC_0024736.jpg,NV
ISIC_0053759.jpg,NV
ISIC_0053992.jpg,NV
ISIC_0057391.jpg,NV
ISIC_0027031.jpg,NV
ISIC_0029654.jpg,NV
ISIC_0068374.jpg,NV
ISIC_0031379.jpg,NV
ISIC_0061266.jpg,NV
ISIC_0031860.jpg,NV
ISIC_0010442.jpg,NV
ISIC_0030489.jpg,NV
ISIC_0029497.jpg,NV
ISIC_0054104.jpg,NV
ISIC_0054418.jpg,NV
ISIC_0024809.jpg,NV
ISIC_0057718.jpg,NV
ISIC_0058499.jpg,NV
ISIC_0009967.jpg,NV
ISIC_0028988.jpg,NV
ISIC_0032759.jpg,NV
ISIC_0033355.jpg,NV
ISIC_0026723.jpg,NV
ISIC_0014458_downsampled.jpg,NV
ISIC_0069822.jpg,NV
ISIC_0024487.jpg,NV
ISIC_0030028.jpg,NV
ISIC_0009917.jpg,NV
ISIC_0068457.jpg,NV
ISIC_0009948.jpg,NV
ISIC_0070225.jpg,NV
ISIC_0032311.jpg,NV
ISIC_0031595.jpg,NV
ISIC_0070281.jpg,NV
ISIC_0032639.jpg,NV
ISIC_0015223_downsampled.jpg,NV
ISIC_0026617.jpg,NV
ISIC_0024857.jpg,NV
ISIC_0029018.jpg,NV
ISIC_0070415.jpg,NV
ISIC_0065836.jpg,NV
ISIC_0064368.jpg,NV
ISIC_0012789_downsampled.jpg,NV
ISIC_0061648.jpg,NV
ISIC_0069824.jpg,NV
ISIC_0011085.jpg,NV
ISIC_0025232.jpg,NV
ISIC_0028893.jpg,NV
ISIC_0034198.jpg,NV
ISIC_0009931.jpg,NV
ISIC_0000321.jpg,NV
ISIC_0032341.jpg,NV
ISIC_0056171.jpg,NV
ISIC_0033225.jpg,NV
ISIC_0000230.jpg,NV
ISIC_0064437.jpg,NV
ISIC_0055122.jpg,NV
ISIC_0028039.jpg,NV
ISIC_0030934.jpg,NV
ISIC_0063519.jpg,NV
ISIC_0031751.jpg,NV
ISIC_0070770.jpg,NV
ISIC_0057434.jpg,NV
ISIC_0033715.jpg,NV
ISIC_0013897_downsampled.jpg,NV
ISIC_0030975.jpg,NV
ISIC_0025193.jpg,NV
ISIC_0015999_downsampled.jpg,NV
ISIC_0030336.jpg,NV
ISIC_0066456.jpg,NV
ISIC_0033015.jpg,NV
ISIC_0070306.jpg,NV
ISIC_0029294.jpg,NV
ISIC_0034192.jpg,NV
ISIC_0068982.jpg,NV
ISIC_0072091.jpg,NV
ISIC_0056850.jpg,NV
ISIC_0066277.jpg,NV
ISIC_0014921_downsampled.jpg,NV
ISIC_0066798.jpg,NV
ISIC_0010861.jpg,NV
ISIC_0029019.jpg,NV
ISIC_0009800_downsampled.jpg,NV
ISIC_0054268.jpg,NV
ISIC_0060882.jpg,NV
ISIC_0072885.jpg,NV
ISIC_0059510.jpg,NV
ISIC_0027012.jpg,NV
ISIC_0025138.jpg,NV
ISIC_0067684.jpg,NV
ISIC_0062706.jpg,NV
ISIC_0029668.jpg,NV
ISIC_0057743.jpg,NV
ISIC_0024388.jpg,NV
ISIC_0068062.jpg,NV
ISIC_0066779.jpg,NV
ISIC_0031562.jpg,NV
ISIC_0000345.jpg,NV
ISIC_0012156_downsampled.jpg,NV
ISIC_0055283.jpg,NV
ISIC_0012663_downsampled.jpg,NV
ISIC_0028585.jpg,NV
ISIC_0012232_downsampled.jpg,NV
ISIC_0058364.jpg,NV
ISIC_0072929.jpg,NV
ISIC_0033311.jpg,NV
ISIC_0058464.jpg,NV
ISIC_0025695.jpg,NV
ISIC_0024578.jpg,NV
ISIC_0053466.jpg,NV
ISIC_0027024.jpg,NV
ISIC_0065072.jpg,NV
ISIC_0032528.jpg,NV
ISIC_0065920.jpg,NV
ISIC_0073208.jpg,NV
ISIC_0004337_downsampled.jpg,NV
ISIC_0054797.jpg,NV
ISIC_0029800.jpg,NV
ISIC_0063013.jpg,NV
ISIC_0067810.jpg,NV
ISIC_0054878.jpg,NV
ISIC_0030140.jpg,NV
ISIC_0024451.jpg,NV
ISIC_0033954.jpg,NV
ISIC_0060084.jpg,NV
ISIC_0015139_downsampled.jpg,NV
ISIC_0033556.jpg,NV
ISIC_0027333.jpg,NV
ISIC_0027198.jpg,NV
ISIC_0033249.jpg,NV
ISIC_0030563.jpg,NV
ISIC_0027837.jpg,NV
ISIC_0059503.jpg,NV
ISIC_0064028.jpg,NV
ISIC_0056575.jpg,NV
ISIC_0060992.jpg,NV
ISIC_0031152.jpg,NV
ISIC_0062718.jpg,NV
ISIC_0062036.jpg,NV
ISIC_0025002.jpg,NV
ISIC_0028356.jpg,NV
ISIC_0027871.jpg,NV
ISIC_0031883.jpg,NV
ISIC_0008998_downsampled.jpg,NV
ISIC_0066366.jpg,NV
ISIC_0029269.jpg,NV
ISIC_0029777.jpg,NV
ISIC_0033876.jpg,NV
ISIC_0024625.jpg,NV
ISIC_0033395.jpg,NV
ISIC_0058197.jpg,NV
ISIC_0056168.jpg,NV
ISIC_0056055.jpg,NV
ISIC_0031084.jpg,NV
ISIC_0015568_downsampled.jpg,NV
ISIC_0053629.jpg,NV
ISIC_0070375.jpg,NV
ISIC_0071506.jpg,NV
ISIC_0031805.jpg,NV
ISIC_0068837.jpg,NV
ISIC_0059439.jpg,NV
ISIC_0069278.jpg,NV
ISIC_0070803.jpg,NV
ISIC_0028869.jpg,NV
ISIC_0001163_downsampled.jpg,NV
ISIC_0014947_downsampled.jpg,NV
ISIC_0031995.jpg,NV
ISIC_0033459.jpg,NV
ISIC_0028355.jpg,NV
ISIC_0067669.jpg,NV
ISIC_0072703.jpg,NV
ISIC_0034224.jpg,NV
ISIC_0026969.jpg,NV
ISIC_0065773.jpg,NV
ISIC_0032606.jpg,NV
ISIC_0024697.jpg,NV
ISIC_0064316.jpg,NV
ISIC_0034109.jpg,NV
ISIC_0024745.jpg,NV
ISIC_0026565.jpg,NV
ISIC_0033495.jpg,NV
ISIC_0001385_downsampled.jpg,NV
ISIC_0000020_downsampled.jpg,NV
ISIC_0030020.jpg,NV
ISIC_0055484.jpg,NV
ISIC_0028217.jpg,NV
ISIC_0009944.jpg,NV
ISIC_0033714.jpg,NV
ISIC_0029858.jpg,NV
ISIC_0066356.jpg,NV
ISIC_0027882.jpg,NV
ISIC_0033563.jpg,NV
ISIC_0000231.jpg,NV
ISIC_0072027.jpg,NV
ISIC_0061401.jpg,NV
ISIC_0029816.jpg,NV
ISIC_0030845.jpg,NV
ISIC_0059963.jpg,NV
ISIC_0032144.jpg,NV
ISIC_0032344.jpg,NV
ISIC_0059726.jpg,NV
ISIC_0029989.jpg,NV
ISIC_0057927.jpg,NV
ISIC_0010356.jpg,NV
ISIC_0055669.jpg,NV
ISIC_0027773.jpg,NV
ISIC_0026116.jpg,NV
ISIC_0034163.jpg,NV
ISIC_0013690_downsampled.jpg,NV
ISIC_0057959.jpg,NV
ISIC_0072106.jpg,NV
ISIC_0033443.jpg,NV
ISIC_0028536.jpg,NV
ISIC_0033550.jpg,NV
ISIC_0010105.jpg,NV
ISIC_0072212.jpg,NV
ISIC_0030453.jpg,NV
ISIC_0072213.jpg,NV
ISIC_0030600.jpg,NV
ISIC_0059967.jpg,NV
ISIC_0065873.jpg,NV
ISIC_0025047.jpg,NV
ISIC_0029736.jpg,NV
ISIC_0065426.jpg,NV
ISIC_0025676.jpg,NV
ISIC_0031173.jpg,NV
ISIC_0016069_downsampled.jpg,NV
ISIC_0025093.jpg,NV
ISIC_0054270.jpg,NV
ISIC_0027434.jpg,NV
ISIC_0066285.jpg,NV
ISIC_0032264.jpg,NV
ISIC_0032909.jpg,NV
ISIC_0072866.jpg,NV
ISIC_0069207.jpg,NV
ISIC_0015566_downsampled.jpg,NV
ISIC_0033788.jpg,NV
ISIC_0060036.jpg,NV
ISIC_0009895.jpg,NV
ISIC_0067201.jpg,NV
ISIC_0033176.jpg,NV
ISIC_0033214.jpg,NV
ISIC_0070741.jpg,NV
ISIC_0072553.jpg,NV
ISIC_0063832.jpg,NV
ISIC_0024926.jpg,NV
ISIC_0056012.jpg,NV
ISIC_0027862.jpg,NV
ISIC_0026689.jpg,NV
ISIC_0066087.jpg,NV
ISIC_0028292.jpg,NV
ISIC_0056583.jpg,NV
ISIC_0000216.jpg,NV
ISIC_0033384.jpg,NV
ISIC_0030816.jpg,NV
ISIC_0031731.jpg,NV
ISIC_0071096.jpg,NV
ISIC_0059432.jpg,NV
ISIC_0031283.jpg,NV
ISIC_0070893.jpg,NV
ISIC_0010002.jpg,NV
ISIC_0056958.jpg,NV
ISIC_0064173.jpg,NV
ISIC_0070786.jpg,NV
ISIC_0072183.jpg,NV
ISIC_0065371.jpg,NV
ISIC_0031664.jpg,NV
ISIC_0025020.jpg,NV
ISIC_0059436.jpg,NV
ISIC_0073182.jpg,NV
ISIC_0026674.jpg,NV
ISIC_0015419_downsampled.jpg,NV
ISIC_0061258.jpg,NV
ISIC_0030808.jpg,NV
ISIC_0054478.jpg,NV
ISIC_0012664_downsampled.jpg,NV
ISIC_0027566.jpg,NV
ISIC_0013399_downsampled.jpg,NV
ISIC_0033521.jpg,NV
ISIC_0030654.jpg,NV
ISIC_0059713.jpg,NV
ISIC_0053642.jpg,NV
ISIC_0033873.jpg,NV
ISIC_0059072.jpg,NV
ISIC_0062898.jpg,NV
ISIC_0033892.jpg,NV
ISIC_0007235_downsampled.jpg,NV
ISIC_0055966.jpg,NV
ISIC_0025784.jpg,NV
ISIC_0012339_downsampled.jpg,NV
ISIC_0065290.jpg,NV
ISIC_0056266.jpg,NV
ISIC_0029468.jpg,NV
ISIC_0058946.jpg,NV
ISIC_0030182.jpg,NV
ISIC_0055296.jpg,NV
ISIC_0056880.jpg,NV
ISIC_0032848.jpg,NV
ISIC_0028494.jpg,NV
ISIC_0030397.jpg,NV
ISIC_0024855.jpg,NV
ISIC_0031183.jpg,NV
ISIC_0061796.jpg,NV
ISIC_0027679.jpg,NV
ISIC_0062605.jpg,NV
ISIC_0059711.jpg,NV
ISIC_0071883.jpg,NV
ISIC_0056348.jpg,NV
ISIC_0065881.jpg,NV
ISIC_0059372.jpg,NV
ISIC_0028275.jpg,NV
ISIC_0000208_downsampled.jpg,NV
ISIC_0033972.jpg,NV
ISIC_0031027.jpg,NV
ISIC_0027657.jpg,NV
ISIC_0064718.jpg,NV
ISIC_0002287_downsampled.jpg,NV
ISIC_0032817.jpg,NV
ISIC_0053739.jpg,NV
ISIC_0068709.jpg,NV
ISIC_0058901.jpg,NV
ISIC_0066261.jpg,NV
ISIC_0032858.jpg,NV
ISIC_0060407.jpg,NV
ISIC_0062431.jpg,NV
ISIC_0027618.jpg,NV
ISIC_0000015.jpg,NV
ISIC_0057207.jpg,NV
ISIC_0030430.jpg,NV
ISIC_0064202.jpg,NV
ISIC_0025713.jpg,NV
ISIC_0061117.jpg,NV
ISIC_0031123.jpg,NV
ISIC_0062353.jpg,NV
ISIC_0013836_downsampled.jpg,NV
ISIC_0071863.jpg,NV
ISIC_0026691.jpg,NV
ISIC_0056104.jpg,NV
ISIC_0005247_downsampled.jpg,NV
ISIC_0034166.jpg,NV
ISIC_0032784.jpg,NV
ISIC_0072446.jpg,NV
ISIC_0025958.jpg,NV
ISIC_0055061.jpg,NV
ISIC_0007528_downsampled.jpg,NV
ISIC_0059701.jpg,NV
ISIC_0071355.jpg,NV
ISIC_0032689.jpg,NV
ISIC_0010187.jpg,NV
ISIC_0032676.jpg,NV
ISIC_0054955.jpg,NV
ISIC_0068602.jpg,NV
ISIC_0011385.jpg,NV
ISIC_0070635.jpg,NV
ISIC_0032071.jpg,NV
ISIC_0030147.jpg,NV
ISIC_0068447.jpg,NV
ISIC_0031826.jpg,NV
ISIC_0027711.jpg,NV
ISIC_0030497.jpg,NV
ISIC_0034320.jpg,NV
ISIC_0068919.jpg,NV
ISIC_0027874.jpg,NV
ISIC_0053874.jpg,NV
ISIC_0013024_downsampled.jpg,NV
ISIC_0053754.jpg,NV
ISIC_0064052.jpg,NV
ISIC_0059352.jpg,NV
ISIC_0027005.jpg,NV
ISIC_0065309.jpg,NV
ISIC_0013172_downsampled.jpg,NV
ISIC_0015201_downsampled.jpg,NV
ISIC_0058701.jpg,NV
ISIC_0073101.jpg,NV
ISIC_0029876.jpg,NV
ISIC_0025983.jpg,NV
ISIC_0029944.jpg,NV
ISIC_0009921.jpg,NV
ISIC_0058733.jpg,NV
ISIC_0031273.jpg,NV
ISIC_0029677.jpg,NV
ISIC_0063899.jpg,NV
ISIC_0025844.jpg,NV
ISIC_0031195.jpg,NV
ISIC_0068652.jpg,NV
ISIC_0032825.jpg,NV
ISIC_0033006.jpg,NV
ISIC_0014511_downsampled.jpg,NV
ISIC_0024861.jpg,NV
ISIC_0027948.jpg,NV
ISIC_0061274.jpg,NV
ISIC_0064705.jpg,NV
ISIC_0058657.jpg,NV
ISIC_0001204_downsampled.jpg,NV
ISIC_0072760.jpg,NV
ISIC_0030437.jpg,NV
ISIC_0009160_downsampled.jpg,NV
ISIC_0053544.jpg,NV
ISIC_0030969.jpg,NV
ISIC_0057950.jpg,NV
ISIC_0026509.jpg,NV
ISIC_0060709.jpg,NV
ISIC_0025669.jpg,NV
ISIC_0009252_downsampled.jpg,NV
ISIC_0028066.jpg,NV
ISIC_0060945.jpg,NV
ISIC_0058808.jpg,NV
ISIC_0054732.jpg,NV
ISIC_0011322.jpg,NV
ISIC_0055222.jpg,NV
ISIC_0034295.jpg,NV
ISIC_0060924.jpg,NV
ISIC_0025618.jpg,NV
ISIC_0033308.jpg,NV
ISIC_0026611.jpg,NV
ISIC_0058641.jpg,NV
ISIC_0063613.jpg,NV
ISIC_0063977.jpg,NV
ISIC_0034033.jpg,NV
ISIC_0065558.jpg,NV
ISIC_0013132_downsampled.jpg,NV
ISIC_0014725_downsampled.jpg,NV
ISIC_0063251.jpg,NV
ISIC_0057908.jpg,NV
ISIC_0028302.jpg,NV
ISIC_0008659_downsampled.jpg,NV
ISIC_0033462.jpg,NV
ISIC_0000027_downsampled.jpg,NV
ISIC_0062498.jpg,NV
ISIC_0011143.jpg,NV
ISIC_0000324.jpg,NV
ISIC_0005620_downsampled.jpg,NV
ISIC_0026942.jpg,NV
ISIC_0033974.jpg,NV
ISIC_0024434.jpg,NV
ISIC_0029921.jpg,NV
ISIC_0033315.jpg,NV
ISIC_0033502.jpg,NV
ISIC_0025785.jpg,NV
ISIC_0065545.jpg,NV
ISIC_0015037_downsampled.jpg,NV
ISIC_0064850.jpg,NV
ISIC_0060469.jpg,NV
ISIC_0000001.jpg,NV
ISIC_0033786.jpg,NV
ISIC_0072170.jpg,NV
ISIC_0060787.jpg,NV
ISIC_0026739.jpg,NV
ISIC_0000330.jpg,NV
ISIC_0069343.jpg,NV
ISIC_0033997.jpg,NV
ISIC_0030008.jpg,NV
ISIC_0055909.jpg,NV
ISIC_0033066.jpg,NV
ISIC_0066711.jpg,NV
ISIC_0033231.jpg,NV
ISIC_0060186.jpg,NV
ISIC_0033435.jpg,NV
ISIC_0009933.jpg,NV
ISIC_0073184.jpg,NV
ISIC_0000183_downsampled.jpg,NV
ISIC_0068245.jpg,NV
ISIC_0067915.jpg,NV
ISIC_0015971_downsampled.jpg,NV
ISIC_0062375.jpg,NV
ISIC_0058357.jpg,NV
ISIC_0026024.jpg,NV
ISIC_0009165_downsampled.jpg,NV
ISIC_0025652.jpg,NV
ISIC_0027715.jpg,NV
ISIC_0033936.jpg,NV
ISIC_0011327.jpg,NV
ISIC_0030264.jpg,NV
ISIC_0012271_downsampled.jpg,NV
ISIC_0029499.jpg,NV
ISIC_0071911.jpg,NV
ISIC_0073244.jpg,NV
ISIC_0056761.jpg,NV
ISIC_0010457.jpg,NV
ISIC_0034114.jpg,NV
ISIC_0026519.jpg,NV
ISIC_0011219.jpg,NV
ISIC_0031696.jpg,NV
ISIC_0029296.jpg,NV
ISIC_0014969_downsampled.jpg,NV
ISIC_0064782.jpg,NV
ISIC_0027241.jpg,NV
ISIC_0062921.jpg,NV
ISIC_0063003.jpg,NV
ISIC_0061853.jpg,NV
ISIC_0012503_downsampled.jpg,NV
ISIC_0025503.jpg,NV
ISIC_0000055_downsampled.jpg,NV
ISIC_0026198.jpg,NV
ISIC_0063309.jpg,NV
ISIC_0064675.jpg,NV
ISIC_0034301.jpg,NV
ISIC_0032828.jpg,NV
ISIC_0028487.jpg,NV
ISIC_0028892.jpg,NV
ISIC_0034060.jpg,NV
ISIC_0063786.jpg,NV
ISIC_0028166.jpg,NV
ISIC_0024845.jpg,NV
ISIC_0067775.jpg,NV
ISIC_0032818.jpg,NV
ISIC_0025381.jpg,NV
ISIC_0034268.jpg,NV
ISIC_0032593.jpg,NV
ISIC_0034319.jpg,NV
ISIC_0012246_downsampled.jpg,NV
ISIC_0013128_downsampled.jpg,NV
ISIC_0028545.jpg,NV
ISIC_0054650.jpg,NV
ISIC_0028903.jpg,NV
ISIC_0062981.jpg,NV
ISIC_0056343.jpg,NV
ISIC_0057454.jpg,NV
ISIC_0033780.jpg,NV
ISIC_0034176.jpg,NV
ISIC_0067745.jpg,NV
ISIC_0026707.jpg,NV
ISIC_0027469.jpg,NV
ISIC_0000882_downsampled.jpg,NV
ISIC_0027499.jpg,NV
ISIC_0026974.jpg,NV
ISIC_0069963.jpg,NV
ISIC_0054948.jpg,NV
ISIC_0061545.jpg,NV
ISIC_0028526.jpg,NV
ISIC_0027129.jpg,NV
ISIC_0034122.jpg,NV
ISIC_0025759.jpg,NV
ISIC_0062503.jpg,NV
ISIC_0028825.jpg,NV
ISIC_0027034.jpg,NV
ISIC_0011359.jpg,NV
ISIC_0011321.jpg,NV
ISIC_0055322.jpg,NV
ISIC_0055881.jpg,NV
ISIC_0069569.jpg,NV
ISIC_0059864.jpg,NV
ISIC_0068736.jpg,NV
ISIC_0057512.jpg,NV
ISIC_0064952.jpg,NV
ISIC_0034212.jpg,NV
ISIC_0016015_downsampled.jpg,NV
ISIC_0061766.jpg,NV
ISIC_0025359.jpg,NV
ISIC_0065854.jpg,NV
ISIC_0034267.jpg,NV
ISIC_0029011.jpg,NV
ISIC_0015963_downsampled.jpg,NV
ISIC_0032800.jpg,NV
ISIC_0055499.jpg,NV
ISIC_0073015.jpg,NV
ISIC_0031814.jpg,NV
ISIC_0067645.jpg,NV
ISIC_0032253.jpg,NV
ISIC_0000213.jpg,NV
ISIC_0069247.jpg,NV
ISIC_0024425.jpg,NV
ISIC_0059679.jpg,NV
ISIC_0066503.jpg,NV
ISIC_0027662.jpg,NV
ISIC_0027569.jpg,NV
ISIC_0054700.jpg,NV
ISIC_0015283_downsampled.jpg,NV
ISIC_0026403.jpg,NV
ISIC_0033177.jpg,NV
ISIC_0034152.jpg,NV
ISIC_0027549.jpg,NV
ISIC_0033303.jpg,NV
ISIC_0062960.jpg,NV
ISIC_0065136.jpg,NV
ISIC_0011202.jpg,NV
ISIC_0030639.jpg,NV
ISIC_0066397.jpg,NV
ISIC_0031288.jpg,NV
ISIC_0025701.jpg,NV
ISIC_0026023.jpg,NV
ISIC_0032055.jpg,NV
ISIC_0028955.jpg,NV
ISIC_0027746.jpg,NV
ISIC_0053530.jpg,NV
ISIC_0026121.jpg,NV
ISIC_0068655.jpg,NV
ISIC_0060772.jpg,NV
ISIC_0027656.jpg,NV
ISIC_0001372_downsampled.jpg,NV
ISIC_0029699.jpg,NV
ISIC_0064651.jpg,NV
ISIC_0032864.jpg,NV
ISIC_0027072.jpg,NV
ISIC_0063412.jpg,NV
ISIC_0063700.jpg,NV
ISIC_0028855.jpg,NV
ISIC_0024945.jpg,NV
ISIC_0072236.jpg,NV
ISIC_0068180.jpg,NV
ISIC_0064918.jpg,NV
ISIC_0033137.jpg,NV
ISIC_0070819.jpg,NV
ISIC_0032457.jpg,NV
ISIC_0064312.jpg,NV
ISIC_0067297.jpg,NV
ISIC_0025734.jpg,NV
ISIC_0031058.jpg,NV
ISIC_0027208.jpg,NV
ISIC_0061560.jpg,NV
ISIC_0056155.jpg,NV
ISIC_0027351.jpg,NV
ISIC_0033075.jpg,NV
ISIC_0027361.jpg,NV
ISIC_0069608.jpg,NV
ISIC_0067796.jpg,NV
ISIC_0014879_downsampled.jpg,NV
ISIC_0053540.jpg,NV
ISIC_0013048_downsampled.jpg,NV
ISIC_0024528.jpg,NV
ISIC_0000221.jpg,NV
ISIC_0007156_downsampled.jpg,NV
ISIC_0029970.jpg,NV
ISIC_0066400.jpg,NV
ISIC_0031252.jpg,NV
ISIC_0064389.jpg,NV
ISIC_0034035.jpg,NV
ISIC_0056664.jpg,NV
ISIC_0068487.jpg,NV
ISIC_0030077.jpg,NV
ISIC_0025329.jpg,NV
ISIC_0027288.jpg,NV
ISIC_0065400.jpg,NV
ISIC_0070104.jpg,NV
ISIC_0033095.jpg,NV
ISIC_0068668.jpg,NV
ISIC_0026860.jpg,NV
ISIC_0033036.jpg,NV
ISIC_0062430.jpg,NV
ISIC_0013592_downsampled.jpg,NV
ISIC_0026563.jpg,NV
ISIC_0070361.jpg,NV
ISIC_0067860.jpg,NV
ISIC_0025769.jpg,NV
ISIC_0025683.jpg,NV
ISIC_0033548.jpg,NV
ISIC_0010021.jpg,NV
ISIC_0064873.jpg,NV
ISIC_0067196.jpg,NV
ISIC_0031308.jpg,NV
ISIC_0064412.jpg,NV
ISIC_0069839.jpg,NV
ISIC_0061797.jpg,NV
ISIC_0033525.jpg,NV
ISIC_0029650.jpg,NV
ISIC_0033164.jpg,NV
ISIC_0068539.jpg,NV
ISIC_0066983.jpg,NV
ISIC_0025151.jpg,NV
ISIC_0025976.jpg,NV
ISIC_0064525.jpg,NV
ISIC_0025282.jpg,NV
ISIC_0060156.jpg,NV
ISIC_0071508.jpg,NV
ISIC_0070564.jpg,NV
ISIC_0069570.jpg,NV
ISIC_0067589.jpg,NV
ISIC_0028222.jpg,NV
ISIC_0029855.jpg,NV
ISIC_0057133.jpg,NV
ISIC_0034082.jpg,NV
ISIC_0010557.jpg,NV
ISIC_0028435.jpg,NV
ISIC_0029286.jpg,NV
ISIC_0071896.jpg,NV
ISIC_0054901.jpg,NV
ISIC_0028716.jpg,NV
ISIC_0070679.jpg,NV
ISIC_0031420.jpg,NV
ISIC_0033334.jpg,NV
ISIC_0059183.jpg,NV
ISIC_0060325.jpg,NV
ISIC_0010572.jpg,NV
ISIC_0061381.jpg,NV
ISIC_0026344.jpg,NV
ISIC_0031985.jpg,NV
ISIC_0000073.jpg,NV
ISIC_0057059.jpg,NV
ISIC_0032541.jpg,NV
ISIC_0053564.jpg,NV
ISIC_0062202.jpg,NV
ISIC_0058023.jpg,NV
ISIC_0030645.jpg,NV
ISIC_0029110.jpg,NV
ISIC_0010357.jpg,NV
ISIC_0070613.jpg,NV
ISIC_0062872.jpg,NV
ISIC_0033253.jpg,NV
ISIC_0053694.jpg,NV
ISIC_0056690.jpg,NV
ISIC_0030720.jpg,NV
ISIC_0056458.jpg,NV
ISIC_0028678.jpg,NV
ISIC_0033352.jpg,NV
ISIC_0010104.jpg,NV
ISIC_0071654.jpg,NV
ISIC_0070533.jpg,NV
ISIC_0028105.jpg,NV
ISIC_0065295.jpg,NV
ISIC_0072185.jpg,NV
ISIC_0026484.jpg,NV
ISIC_0028831.jpg,NV
ISIC_0065172.jpg,NV
ISIC_0012944_downsampled.jpg,NV
ISIC_0067760.jpg,NV
ISIC_0030833.jpg,NV
ISIC_0030455.jpg,NV
ISIC_0069584.jpg,NV
ISIC_0009533_downsampled.jpg,NV
ISIC_0033759.jpg,NV
ISIC_0032440.jpg,NV
ISIC_0026399.jpg,NV
ISIC_0033112.jpg,NV
ISIC_0015949_downsampled.jpg,NV
ISIC_0025545.jpg,NV
ISIC_0025771.jpg,NV
ISIC_0014907_downsampled.jpg,NV
ISIC_0026284.jpg,NV
ISIC_0026363.jpg,NV
ISIC_0060505.jpg,NV
ISIC_0026785.jpg,NV
ISIC_0063015.jpg,NV
ISIC_0071362.jpg,NV
ISIC_0028581.jpg,NV
ISIC_0062731.jpg,NV
ISIC_0033799.jpg,NV
ISIC_0061292.jpg,NV
ISIC_0060785.jpg,NV
ISIC_0031315.jpg,NV
ISIC_0026427.jpg,NV
ISIC_0060044.jpg,NV
ISIC_0032189.jpg,NV
ISIC_0062164.jpg,NV
ISIC_0061061.jpg,NV
ISIC_0033383.jpg,NV
ISIC_0058691.jpg,NV
ISIC_0067607.jpg,NV
ISIC_0062319.jpg,NV
ISIC_0065117.jpg,NV
ISIC_0029504.jpg,NV
ISIC_0010459.jpg,NV
ISIC_0072957.jpg,NV
ISIC_0030973.jpg,NV
ISIC_0026730.jpg,NV
ISIC_0024870.jpg,NV
ISIC_0061970.jpg,NV
ISIC_0069964.jpg,NV
ISIC_0026028.jpg,NV
ISIC_0069056.jpg,NV
ISIC_0029846.jpg,NV
ISIC_0027908.jpg,NV
ISIC_0028933.jpg,NV
ISIC_0011304.jpg,NV
ISIC_0012658_downsampled.jpg,NV
ISIC_0002673_downsampled.jpg,NV
ISIC_0011204.jpg,NV
ISIC_0054682.jpg,NV
ISIC_0033596.jpg,NV
ISIC_0028982.jpg,NV
ISIC_0029210.jpg,NV
ISIC_0032693.jpg,NV
ISIC_0061540.jpg,NV
ISIC_0057966.jpg,NV
ISIC_0024617.jpg,NV
ISIC_0030547.jpg,NV
ISIC_0031036.jpg,NV
ISIC_0054925.jpg,NV
ISIC_0058674.jpg,NV
ISIC_0059659.jpg,NV
ISIC_0031894.jpg,NV
ISIC_0031858.jpg,NV
ISIC_0028191.jpg,NV
ISIC_0054915.jpg,NV
ISIC_0054672.jpg,NV
ISIC_0034248.jpg,NV
ISIC_0032742.jpg,NV
ISIC_0016009_downsampled.jpg,NV
ISIC_0066299.jpg,NV
ISIC_0069357.jpg,NV
ISIC_0000354.jpg,NV
ISIC_0064789.jpg,NV
ISIC_0014808_downsampled.jpg,NV
ISIC_0054197.jpg,NV
ISIC_0026380.jpg,NV
ISIC_0072443.jpg,NV
ISIC_0060864.jpg,NV
ISIC_0024349.jpg,NV
ISIC_0025479.jpg,NV
ISIC_0069471.jpg,NV
ISIC_0013398_downsampled.jpg,NV
ISIC_0033326.jpg,NV
ISIC_0028813.jpg,NV
ISIC_0024440.jpg,NV
ISIC_0073001.jpg,NV
ISIC_0024658.jpg,NV
ISIC_0029861.jpg,NV
ISIC_0069903.jpg,NV
ISIC_0015582_downsampled.jpg,NV
ISIC_0069738.jpg,NV
ISIC_0030180.jpg,NV
ISIC_0067024.jpg,NV
ISIC_0033990.jpg,NV
ISIC_0054286.jpg,NV
ISIC_0029199.jpg,NV
ISIC_0068386.jpg,NV
ISIC_0000184_downsampled.jpg,NV
ISIC_0033567.jpg,NV
ISIC_0000008.jpg,NV
ISIC_0025171.jpg,NV
ISIC_0033173.jpg,NV
ISIC_0060535.jpg,NV
ISIC_0015160_downsampled.jpg,NV
ISIC_0059964.jpg,NV
ISIC_0062726.jpg,NV
ISIC_0062931.jpg,NV
ISIC_0015250_downsampled.jpg,NV
ISIC_0071325.jpg,NV
ISIC_0025014.jpg,NV
ISIC_0030772.jpg,NV
ISIC_0030963.jpg,NV
ISIC_0064707.jpg,NV
ISIC_0032401.jpg,NV
ISIC_0027364.jpg,NV
ISIC_0030300.jpg,NV
ISIC_0057988.jpg,NV
ISIC_0032901.jpg,NV
ISIC_0056022.jpg,NV
ISIC_0030024.jpg,NV
ISIC_0070509.jpg,NV
ISIC_0070267.jpg,NV
ISIC_0032720.jpg,NV
ISIC_0069566.jpg,NV
ISIC_0032026.jpg,NV
ISIC_0029640.jpg,NV
ISIC_0028603.jpg,NV
ISIC_0068174.jpg,NV
ISIC_0027919.jpg,NV
ISIC_0030862.jpg,NV
ISIC_0000999_downsampled.jpg,NV
ISIC_0065184.jpg,NV
ISIC_0067650.jpg,NV
ISIC_0029553.jpg,NV
ISIC_0013176_downsampled.jpg,NV
ISIC_0057626.jpg,NV
ISIC_0027658.jpg,NV
ISIC_0027276.jpg,NV
ISIC_0025555.jpg,NV
ISIC_0065430.jpg,NV
ISIC_0058489.jpg,NV
ISIC_0058395.jpg,NV
ISIC_0024906.jpg,NV
ISIC_0009078_downsampled.jpg,NV
ISIC_0030305.jpg,NV
ISIC_0071338.jpg,NV
ISIC_0067242.jpg,NV
ISIC_0069871.jpg,NV
ISIC_0010061.jpg,NV
ISIC_0056443.jpg,NV
ISIC_0060835.jpg,NV
ISIC_0072319.jpg,NV
ISIC_0032251.jpg,NV
ISIC_0010341.jpg,NV
ISIC_0016007_downsampled.jpg,NV
ISIC_0064039.jpg,NV
ISIC_0030161.jpg,NV
ISIC_0026358.jpg,NV
ISIC_0057886.jpg,NV
ISIC_0025962.jpg,NV
ISIC_0027936.jpg,NV
ISIC_0028591.jpg,NV
ISIC_0013342_downsampled.jpg,NV
ISIC_0066713.jpg,NV
ISIC_0054958.jpg,NV
ISIC_0057872.jpg,NV
ISIC_0027986.jpg,NV
ISIC_0062153.jpg,NV
ISIC_0028047.jpg,NV
ISIC_0028248.jpg,NV
ISIC_0032347.jpg,NV
ISIC_0033423.jpg,NV
ISIC_0033163.jpg,NV
ISIC_0057372.jpg,NV
ISIC_0027571.jpg,NV
ISIC_0010362.jpg,NV
ISIC_0058030.jpg,NV
ISIC_0055926.jpg,NV
ISIC_0026287.jpg,NV
ISIC_0032394.jpg,NV
ISIC_0010216.jpg,NV
ISIC_0024423.jpg,NV
ISIC_0029804.jpg,NV
ISIC_0028178.jpg,NV
ISIC_0032760.jpg,NV
ISIC_0002246_downsampled.jpg,NV
ISIC_0001286_downsampled.jpg,NV
ISIC_0070546.jpg,NV
ISIC_0014863_downsampled.jpg,NV
ISIC_0028144.jpg,NV
ISIC_0070373.jpg,NV
ISIC_0069330.jpg,NV
ISIC_0027299.jpg,NV
ISIC_0031734.jpg,NV
ISIC_0033147.jpg,NV
ISIC_0024620.jpg,NV
ISIC_0066440.jpg,NV
ISIC_0056811.jpg,NV
ISIC_0028601.jpg,NV
ISIC_0068158.jpg,NV
ISIC_0034127.jpg,NV
ISIC_0025544.jpg,NV
ISIC_0000012.jpg,NV
ISIC_0015638_downsampled.jpg,NV
ISIC_0029416.jpg,NV
ISIC_0014768_downsampled.jpg,NV
ISIC_0060862.jpg,NV
ISIC_0059252.jpg,NV
ISIC_0032336.jpg,NV
ISIC_0029981.jpg,NV
ISIC_0029865.jpg,NV
ISIC_0026756.jpg,NV
ISIC_0009599_downsampled.jpg,NV
ISIC_0031780.jpg,NV
ISIC_0068648.jpg,NV
ISIC_0010062.jpg,NV
ISIC_0028518.jpg,NV
ISIC_0060419.jpg,NV
ISIC_0013430_downsampled.jpg,NV
ISIC_0068654.jpg,NV
ISIC_0072015.jpg,NV
ISIC_0033577.jpg,NV
ISIC_0025315.jpg,NV
ISIC_0063389.jpg,NV
ISIC_0026501.jpg,NV
ISIC_0070287.jpg,NV
ISIC_0030051.jpg,NV
ISIC_0065789.jpg,NV
ISIC_0015947_downsampled.jpg,NV
ISIC_0067483.jpg,NV
ISIC_0072458.jpg,NV
ISIC_0000201_downsampled.jpg,NV
ISIC_0028469.jpg,NV
ISIC_0011213.jpg,NV
ISIC_0010558.jpg,NV
ISIC_0062703.jpg,NV
ISIC_0014658_downsampled.jpg,NV
ISIC_0008396_downsampled.jpg,NV
ISIC_0057419.jpg,NV
ISIC_0030500.jpg,NV
ISIC_0057256.jpg,NV
ISIC_0034281.jpg,NV
ISIC_0067980.jpg,NV
ISIC_0033549.jpg,NV
ISIC_0054054.jpg,NV
ISIC_0071072.jpg,NV
ISIC_0028091.jpg,NV
ISIC_0072687.jpg,NV
ISIC_0058191.jpg,NV
ISIC_0025621.jpg,NV
ISIC_0031690.jpg,NV
ISIC_0025917.jpg,NV
ISIC_0013315_downsampled.jpg,NV
ISIC_0033656.jpg,NV
ISIC_0056314.jpg,NV
ISIC_0070626.jpg,NV
ISIC_0055233.jpg,NV
ISIC_0029177.jpg,NV
ISIC_0062014.jpg,NV
ISIC_0014683_downsampled.jpg,NV
ISIC_0054565.jpg,NV
ISIC_0072632.jpg,NV
ISIC_0028823.jpg,NV
ISIC_0014685_downsampled.jpg,NV
ISIC_0011317.jpg,NV
ISIC_0030854.jpg,NV
ISIC_0032494.jpg,NV
ISIC_0028874.jpg,NV
ISIC_0028062.jpg,NV
ISIC_0030516.jpg,NV
ISIC_0028647.jpg,NV
ISIC_0032289.jpg,NV
ISIC_0012318_downsampled.jpg,NV
ISIC_0059639.jpg,NV
ISIC_0028362.jpg,NV
ISIC_0010219.jpg,NV
ISIC_0001442_downsampled.jpg,NV
ISIC_0072221.jpg,NV
ISIC_0069510.jpg,NV
ISIC_0058624.jpg,NV
ISIC_0030859.jpg,NV
ISIC_0028574.jpg,NV
ISIC_0028531.jpg,NV
ISIC_0014746_downsampled.jpg,NV
ISIC_0027195.jpg,NV
ISIC_0025428.jpg,NV
ISIC_0029792.jpg,NV
ISIC_0062779.jpg,NV
ISIC_0031855.jpg,NV
ISIC_0002459_downsampled.jpg,NV
ISIC_0061668.jpg,NV
ISIC_0032018.jpg,NV
ISIC_0033824.jpg,NV
ISIC_0002616_downsampled.jpg,NV
ISIC_0056108.jpg,NV
ISIC_0060632.jpg,NV
ISIC_0034041.jpg,NV
ISIC_0059384.jpg,NV
ISIC_0064574.jpg,NV
ISIC_0026218.jpg,NV
ISIC_0029433.jpg,NV
ISIC_0058998.jpg,NV
ISIC_0012325_downsampled.jpg,NV
ISIC_0069177.jpg,NV
ISIC_0032485.jpg,NV
ISIC_0028949.jpg,NV
ISIC_0025361.jpg,NV
ISIC_0055910.jpg,NV
ISIC_0024955.jpg,NV
ISIC_0063784.jpg,NV
ISIC_0030890.jpg,NV
ISIC_0057162.jpg,NV
ISIC_0014992_downsampled.jpg,NV
ISIC_0010604.jpg,NV
ISIC_0030210.jpg,NV
ISIC_0034282.jpg,NV
ISIC_0060352.jpg,NV
ISIC_0063717.jpg,NV
ISIC_0030981.jpg,NV
ISIC_0031657.jpg,NV
ISIC_0062057.jpg,NV
ISIC_0025511.jpg,NV
ISIC_0030669.jpg,NV
ISIC_0057690.jpg,NV
ISIC_0056565.jpg,NV
ISIC_0069561.jpg,NV
ISIC_0067071.jpg,NV
ISIC_0030612.jpg,NV
ISIC_0028689.jpg,NV
ISIC_0025370.jpg,NV
ISIC_0026398.jpg,NV
ISIC_0014964_downsampled.jpg,NV
ISIC_0027421.jpg,NV
ISIC_0032682.jpg,NV
ISIC_0031115.jpg,NV
ISIC_0009930.jpg,NV
ISIC_0026183.jpg,NV
ISIC_0031673.jpg,NV
ISIC_0009891.jpg,NV
ISIC_0068927.jpg,NV
ISIC_0008600_downsampled.jpg,NV
ISIC_0012384_downsampled.jpg,NV
ISIC_0012709_downsampled.jpg,NV
ISIC_0072081.jpg,NV
ISIC_0063547.jpg,NV
ISIC_0010570.jpg,NV
ISIC_0032992.jpg,NV
ISIC_0031069.jpg,NV
ISIC_0031147.jpg,NV
ISIC_0011089.jpg,NV
ISIC_0028851.jpg,NV
ISIC_0028734.jpg,NV
ISIC_0000007.jpg,NV
ISIC_0025797.jpg,NV
ISIC_0029385.jpg,NV
ISIC_0025043.jpg,NV
ISIC_0026866.jpg,NV
ISIC_0068010.jpg,NV
ISIC_0028137.jpg,NV
ISIC_0012706_downsampled.jpg,NV
ISIC_0062097.jpg,NV
ISIC_0009920.jpg,NV
ISIC_0026749.jpg,NV
ISIC_0057364.jpg,NV
ISIC_0060231.jpg,NV
ISIC_0029706.jpg,NV
ISIC_0068902.jpg,NV
ISIC_0054387.jpg,NV
ISIC_0064142.jpg,NV
ISIC_0024866.jpg,NV
ISIC_0029295.jpg,NV
ISIC_0059030.jpg,NV
ISIC_0009564_downsampled.jpg,NV
ISIC_0025456.jpg,NV
ISIC_0029537.jpg,NV
ISIC_0061784.jpg,NV
ISIC_0010445.jpg,NV
ISIC_0013737_downsampled.jpg,NV
ISIC_0000222.jpg,NV
ISIC_0025739.jpg,NV
ISIC_0014989_downsampled.jpg,NV
ISIC_0025356.jpg,NV
ISIC_0009912.jpg,NV
ISIC_0030728.jpg,NV
ISIC_0057674.jpg,NV
ISIC_0029948.jpg,NV
ISIC_0025689.jpg,NV
ISIC_0000262.jpg,NV
ISIC_0054280.jpg,NV
ISIC_0065687.jpg,NV
ISIC_0026288.jpg,NV
ISIC_0012313_downsampled.jpg,NV
ISIC_0071230.jpg,NV
ISIC_0059308.jpg,NV
ISIC_0054643.jpg,NV
ISIC_0027942.jpg,NV
ISIC_0032477.jpg,NV
ISIC_0066729.jpg,NV
ISIC_0029259.jpg,NV
ISIC_0031141.jpg,NV
ISIC_0059158.jpg,NV
ISIC_0033740.jpg,NV
ISIC_0026323.jpg,NV
ISIC_0066795.jpg,NV
ISIC_0032562.jpg,NV
ISIC_0012981_downsampled.jpg,NV
ISIC_0069051.jpg,NV
ISIC_0069921.jpg,NV
ISIC_0055731.jpg,NV
ISIC_0054865.jpg,NV
ISIC_0029398.jpg,NV
ISIC_0011323.jpg,NV
ISIC_0025541.jpg,NV
ISIC_0027660.jpg,NV
ISIC_0071761.jpg,NV
ISIC_0025129.jpg,NV
ISIC_0027356.jpg,NV
ISIC_0055428.jpg,NV
ISIC_0014911_downsampled.jpg,NV
ISIC_0064658.jpg,NV
ISIC_0030059.jpg,NV
ISIC_0030199.jpg,NV
ISIC_0012721_downsampled.jpg,NV
ISIC_0025954.jpg,NV
ISIC_0031668.jpg,NV
ISIC_0027821.jpg,NV
ISIC_0063683.jpg,NV
ISIC_0024424.jpg,NV
ISIC_0068171.jpg,NV
ISIC_0063418.jpg,NV
ISIC_0027168.jpg,NV
ISIC_0071924.jpg,NV
ISIC_0030611.jpg,NV
ISIC_0032729.jpg,NV
ISIC_0028071.jpg,NV
ISIC_0073201.jpg,NV
ISIC_0029478.jpg,NV
ISIC_0015938_downsampled.jpg,NV
ISIC_0015161_downsampled.jpg,NV
ISIC_0025604.jpg,NV
ISIC_0024340.jpg,NV
ISIC_0055132.jpg,NV
ISIC_0010051.jpg,NV
ISIC_0056698.jpg,NV
ISIC_0062135.jpg,NV
ISIC_0033810.jpg,NV
ISIC_0000274.jpg,NV
ISIC_0024812.jpg,NV
ISIC_0027602.jpg,NV
ISIC_0027381.jpg,NV
ISIC_0062076.jpg,NV
ISIC_0026402.jpg,NV
ISIC_0056490.jpg,NV
ISIC_0060243.jpg,NV
ISIC_0029622.jpg,NV
ISIC_0032744.jpg,NV
ISIC_0070579.jpg,NV
ISIC_0058018.jpg,NV
ISIC_0010182.jpg,NV
ISIC_0061040.jpg,NV
ISIC_0026497.jpg,NV
ISIC_0013212_downsampled.jpg,NV
ISIC_0067119.jpg,NV
ISIC_0070291.jpg,NV
ISIC_0015948_downsampled.jpg,NV
ISIC_0070715.jpg,NV
ISIC_0024354.jpg,NV
ISIC_0033964.jpg,NV
ISIC_0030825.jpg,NV
ISIC_0069881.jpg,NV
ISIC_0058296.jpg,NV
ISIC_0055737.jpg,NV
ISIC_0014941_downsampled.jpg,NV
ISIC_0029049.jpg,NV
ISIC_0072998.jpg,NV
ISIC_0070749.jpg,NV
ISIC_0068699.jpg,NV
ISIC_0060042.jpg,NV
ISIC_0029701.jpg,NV
ISIC_0025938.jpg,NV
ISIC_0069141.jpg,NV
ISIC_0030672.jpg,NV
ISIC_0012311_downsampled.jpg,NV
ISIC_0027935.jpg,NV
ISIC_0026043.jpg,NV
ISIC_0014962_downsampled.jpg,NV
ISIC_0030303.jpg,NV
ISIC_0029832.jpg,NV
ISIC_0028592.jpg,NV
ISIC_0032286.jpg,NV
ISIC_0028613.jpg,NV
ISIC_0000323.jpg,NV
ISIC_0034245.jpg,NV
ISIC_0066531.jpg,NV
ISIC_0008294_downsampled.jpg,NV
ISIC_0012209_downsampled.jpg,NV
ISIC_0059894.jpg,NV
ISIC_0032651.jpg,NV
ISIC_0032728.jpg,NV
ISIC_0071168.jpg,NV
ISIC_0066917.jpg,NV
ISIC_0031412.jpg,NV
ISIC_0067813.jpg,NV
ISIC_0071552.jpg,NV
ISIC_0033111.jpg,NV
ISIC_0030044.jpg,NV
ISIC_0026470.jpg,NV
ISIC_0066624.jpg,NV
ISIC_0001374_downsampled.jpg,NV
ISIC_0030769.jpg,NV
ISIC_0055621.jpg,NV
ISIC_0025305.jpg,NV
ISIC_0029069.jpg,NV
ISIC_0033623.jpg,NV
ISIC_0028249.jpg,NV
ISIC_0064663.jpg,NV
ISIC_0054041.jpg,NV
ISIC_0033347.jpg,NV
ISIC_0030927.jpg,NV
ISIC_0012164_downsampled.jpg,NV
ISIC_0054741.jpg,NV
ISIC_0031965.jpg,NV
ISIC_0066742.jpg,NV
ISIC_0012095_downsampled.jpg,NV
ISIC_0032469.jpg,NV
ISIC_0059625.jpg,NV
ISIC_0012182_downsampled.jpg,NV
ISIC_0057241.jpg,NV
ISIC_0059407.jpg,NV
ISIC_0029104.jpg,NV
ISIC_0030113.jpg,NV
ISIC_0055120.jpg,NV
ISIC_0031164.jpg,NV
ISIC_0031816.jpg,NV
ISIC_0033172.jpg,NV
ISIC_0058746.jpg,NV
ISIC_0028956.jpg,NV
ISIC_0060605.jpg,NV
ISIC_0033867.jpg,NV
ISIC_0027963.jpg,NV
ISIC_0025357.jpg,NV
ISIC_0000261.jpg,NV
ISIC_0025373.jpg,NV
ISIC_0024421.jpg,NV
ISIC_0032275.jpg,NV
ISIC_0060666.jpg,NV
ISIC_0030367.jpg,NV
ISIC_0028845.jpg,NV
ISIC_0010361.jpg,NV
ISIC_0027650.jpg,NV
ISIC_0006350_downsampled.jpg,NV
ISIC_0030156.jpg,NV
ISIC_0061452.jpg,NV
ISIC_0068959.jpg,NV
ISIC_0028953.jpg,NV
ISIC_0010850.jpg,NV
ISIC_0031481.jpg,NV
ISIC_0032655.jpg,BKL
ISIC_0054779.jpg,BKL
ISIC_0060875.jpg,BKL
ISIC_0024505.jpg,BKL
ISIC_0060105.jpg,BKL
ISIC_0029837.jpg,BKL
ISIC_0027996.jpg,BKL
ISIC_0012851_downsampled.jpg,BKL
ISIC_0060920.jpg,BKL
ISIC_0069763.jpg,BKL
ISIC_0059831.jpg,BKL
ISIC_0066178.jpg,BKL
ISIC_0067477.jpg,BKL
ISIC_0031691.jpg,BKL
ISIC_0054965.jpg,BKL
ISIC_0030561.jpg,BKL
ISIC_0058589.jpg,BKL
ISIC_0027828.jpg,BKL
ISIC_0026675.jpg,BKL
ISIC_0026205.jpg,BKL
ISIC_0069341.jpg,BKL
ISIC_0028389.jpg,BKL
ISIC_0055894.jpg,BKL
ISIC_0014029_downsampled.jpg,BKL
ISIC_0031624.jpg,BKL
ISIC_0064137.jpg,BKL
ISIC_0071831.jpg,BKL
ISIC_0054300.jpg,BKL
ISIC_0025567.jpg,BKL
ISIC_0055708.jpg,BKL
ISIC_0055320.jpg,BKL
ISIC_0058717.jpg,BKL
ISIC_0028623.jpg,BKL
ISIC_0060173.jpg,BKL
ISIC_0069016.jpg,BKL
ISIC_0054780.jpg,BKL
ISIC_0061171.jpg,BKL
ISIC_0055215.jpg,BKL
ISIC_0069389.jpg,BKL
ISIC_0067423.jpg,BKL
ISIC_0024581.jpg,BKL
ISIC_0056687.jpg,BKL
ISIC_0056654.jpg,BKL
ISIC_0072322.jpg,BKL
ISIC_0064883.jpg,BKL
ISIC_0059186.jpg,BKL
ISIC_0030226.jpg,BKL
ISIC_0025180.jpg,BKL
ISIC_0069221.jpg,BKL
ISIC_0014723_downsampled.jpg,BKL
ISIC_0029588.jpg,BKL
ISIC_0024643.jpg,BKL
ISIC_0014028_downsampled.jpg,BKL
ISIC_0066920.jpg,BKL
ISIC_0059918.jpg,BKL
ISIC_0072262.jpg,BKL
ISIC_0071276.jpg,BKL
ISIC_0072397.jpg,BKL
ISIC_0067283.jpg,BKL
ISIC_0063311.jpg,BKL
ISIC_0061652.jpg,BKL
ISIC_0072834.jpg,BKL
ISIC_0069879.jpg,BKL
ISIC_0026104.jpg,BKL
ISIC_0026958.jpg,BKL
ISIC_0073060.jpg,BKL
ISIC_0027954.jpg,BKL
ISIC_0068596.jpg,BKL
ISIC_0012548_downsampled.jpg,BKL
ISIC_0056672.jpg,BKL
ISIC_0015181_downsampled.jpg,BKL
ISIC_0072999.jpg,BKL
ISIC_0073142.jpg,BKL
ISIC_0068550.jpg,BKL
ISIC_0025627.jpg,BKL
ISIC_0061526.jpg,BKL
ISIC_0033601.jpg,BKL
ISIC_0073021.jpg,BKL
ISIC_0068599.jpg,BKL
ISIC_0025906.jpg,BKL
ISIC_0071038.jpg,BKL
ISIC_0065701.jpg,BKL
ISIC_0072784.jpg,BKL
ISIC_0029291.jpg,BKL
ISIC_0055514.jpg,BKL
ISIC_0071090.jpg,BKL
ISIC_0028952.jpg,BKL
ISIC_0064687.jpg,BKL
ISIC_0031528.jpg,BKL
ISIC_0069806.jpg,BKL
ISIC_0073104.jpg,BKL
ISIC_0053932.jpg,BKL
ISIC_0060847.jpg,BKL
ISIC_0065865.jpg,BKL
ISIC_0059022.jpg,BKL
ISIC_0028080.jpg,BKL
ISIC_0024883.jpg,BKL
ISIC_0032826.jpg,BKL
ISIC_0059035.jpg,BKL
ISIC_0058558.jpg,BKL
ISIC_0062379.jpg,BKL
ISIC_0060674.jpg,BKL
ISIC_0024774.jpg,BKL
ISIC_0031181.jpg,BKL
ISIC_0031580.jpg,BKL
ISIC_0026107.jpg,BKL
ISIC_0025419.jpg,BKL
ISIC_0012537_downsampled.jpg,BKL
ISIC_0029040.jpg,BKL
ISIC_0073105.jpg,BKL
ISIC_0061114.jpg,BKL
ISIC_0028343.jpg,BKL
ISIC_0031761.jpg,BKL
ISIC_0025337.jpg,BKL
ISIC_0064480.jpg,BKL
ISIC_0029427.jpg,BKL
ISIC_0072614.jpg,BKL
ISIC_0070775.jpg,BKL
ISIC_0059191.jpg,BKL
ISIC_0060639.jpg,BKL
ISIC_0029217.jpg,BKL
ISIC_0066978.jpg,BKL
ISIC_0061589.jpg,BKL
ISIC_0065211.jpg,BKL
ISIC_0066594.jpg,BKL
ISIC_0027151.jpg,BKL
ISIC_0027559.jpg,BKL
ISIC_0059055.jpg,BKL
ISIC_0029108.jpg,BKL
ISIC_0069316.jpg,BKL
ISIC_0013089_downsampled.jpg,BKL
ISIC_0062687.jpg,BKL
ISIC_0033620.jpg,BKL
ISIC_0065366.jpg,BKL
ISIC_0061924.jpg,BKL
ISIC_0071104.jpg,BKL
ISIC_0061892.jpg,BKL
ISIC_0069682.jpg,BKL
ISIC_0060411.jpg,BKL
ISIC_0058532.jpg,BKL
ISIC_0054720.jpg,BKL
ISIC_0072928.jpg,BKL
ISIC_0069885.jpg,BKL
ISIC_0012237_downsampled.jpg,BKL
ISIC_0061226.jpg,BKL
ISIC_0056586.jpg,BKL
ISIC_0025040.jpg,BKL
ISIC_0030208.jpg,BKL
ISIC_0025510.jpg,BKL
ISIC_0014031_downsampled.jpg,BKL
ISIC_0033776.jpg,BKL
ISIC_0057879.jpg,BKL
ISIC_0054731.jpg,BKL
ISIC_0025719.jpg,BKL
ISIC_0033056.jpg,BKL
ISIC_0024832.jpg,BKL
ISIC_0069790.jpg,BKL
ISIC_0071629.jpg,BKL
ISIC_0069079.jpg,BKL
ISIC_0067501.jpg,BKL
ISIC_0067596.jpg,BKL
ISIC_0030768.jpg,BKL
ISIC_0025064.jpg,BKL
ISIC_0013129_downsampled.jpg,BKL
ISIC_0063105.jpg,BKL
ISIC_0031987.jpg,BKL
ISIC_0032215.jpg,BKL
ISIC_0060252.jpg,BKL
ISIC_0029202.jpg,BKL
ISIC_0061871.jpg,BKL
ISIC_0067582.jpg,BKL
ISIC_0025388.jpg,BKL
ISIC_0029320.jpg,BKL
ISIC_0024592.jpg,BKL
ISIC_0032829.jpg,BKL
ISIC_0058815.jpg,BKL
ISIC_0030698.jpg,BKL
ISIC_0029823.jpg,BKL
ISIC_0069642.jpg,BKL
ISIC_0069010.jpg,BKL
ISIC_0015006_downsampled.jpg,BKL
ISIC_0059623.jpg,BKL
ISIC_0061069.jpg,BKL
ISIC_0024412.jpg,BKL
ISIC_0025515.jpg,BKL
ISIC_0057248.jpg,BKL
ISIC_0059544.jpg,BKL
ISIC_0070310.jpg,BKL
ISIC_0066089.jpg,BKL
ISIC_0059155.jpg,BKL
ISIC_0057326.jpg,BKL
ISIC_0031937.jpg,BKL
ISIC_0072456.jpg,BKL
ISIC_0055755.jpg,BKL
ISIC_0066925.jpg,BKL
ISIC_0024880.jpg,BKL
ISIC_0063317.jpg,BKL
ISIC_0069982.jpg,BKL
ISIC_0061879.jpg,BKL
ISIC_0065887.jpg,BKL
ISIC_0012086_downsampled.jpg,BKL
ISIC_0056499.jpg,BKL
ISIC_0055602.jpg,BKL
ISIC_0060697.jpg,BKL
ISIC_0024408.jpg,BKL
ISIC_0071511.jpg,BKL
ISIC_0060879.jpg,BKL
ISIC_0058359.jpg,BKL
ISIC_0065800.jpg,BKL
ISIC_0064083.jpg,BKL
ISIC_0066668.jpg,BKL
ISIC_0027706.jpg,BKL
ISIC_0027953.jpg,BKL
ISIC_0013687_downsampled.jpg,BKL
ISIC_0070365.jpg,BKL
ISIC_0061820.jpg,BKL
ISIC_0072149.jpg,BKL
ISIC_0054349.jpg,BKL
ISIC_0030583.jpg,BKL
ISIC_0068312.jpg,BKL
ISIC_0029340.jpg,BKL
ISIC_0057245.jpg,BKL
ISIC_0064906.jpg,BKL
ISIC_0065631.jpg,BKL
ISIC_0056515.jpg,BKL
ISIC_0028615.jpg,BKL
ISIC_0072891.jpg,BCC
ISIC_0055681.jpg,BCC
ISIC_0065797.jpg,BCC
ISIC_0072251.jpg,BCC
ISIC_0064998.jpg,BCC
ISIC_0070231.jpg,BCC
ISIC_0027478.jpg,BCC
ISIC_0069002.jpg,BCC
ISIC_0031943.jpg,BCC
ISIC_0069650.jpg,BCC
ISIC_0060991.jpg,BCC
ISIC_0058898.jpg,BCC
ISIC_0028978.jpg,BCC
ISIC_0025617.jpg,BCC
ISIC_0064024.jpg,BCC
ISIC_0072951.jpg,BCC
ISIC_0066198.jpg,BCC
ISIC_0069703.jpg,BCC
ISIC_0059006.jpg,BCC
ISIC_0055209.jpg,BCC
ISIC_0065453.jpg,BCC
ISIC_0060627.jpg,BCC
ISIC_0071565.jpg,BCC
ISIC_0056840.jpg,BCC
ISIC_0025644.jpg,BCC
ISIC_0071214.jpg,BCC
ISIC_0066954.jpg,BCC
ISIC_0061906.jpg,BCC
ISIC_0064747.jpg,BCC
ISIC_0073113.jpg,BCC
ISIC_0066544.jpg,BCC
ISIC_0056953.jpg,BCC
ISIC_0033579.jpg,BCC
ISIC_0061356.jpg,BCC
ISIC_0055806.jpg,BCC
ISIC_0028728.jpg,BCC
ISIC_0063827.jpg,BCC
ISIC_0028419.jpg,BCC
ISIC_0071604.jpg,BCC
ISIC_0065368.jpg,BCC
ISIC_0062358.jpg,BCC
ISIC_0057839.jpg,BCC
ISIC_0025513.jpg,BCC
ISIC_0058654.jpg,BCC
ISIC_0066639.jpg,BCC
ISIC_0069161.jpg,BCC
ISIC_0070909.jpg,BCC
ISIC_0057629.jpg,BCC
ISIC_0029201.jpg,BCC
ISIC_0032461.jpg,BCC
ISIC_0071450.jpg,BCC
ISIC_0067426.jpg,BCC
ISIC_0060107.jpg,BCC
ISIC_0053809.jpg,BCC
ISIC_0054854.jpg,BCC
ISIC_0034161.jpg,BCC
ISIC_0055893.jpg,BCC
ISIC_0061035.jpg,BCC
ISIC_0070309.jpg,BCC
ISIC_0061081.jpg,BCC
ISIC_0060643.jpg,BCC
ISIC_0063808.jpg,BCC
ISIC_0071459.jpg,BCC
ISIC_0061284.jpg,BCC
ISIC_0055399.jpg,BCC
ISIC_0062802.jpg,BCC
ISIC_0065279.jpg,BCC
ISIC_0058304.jpg,BCC
ISIC_0025975.jpg,BCC
ISIC_0067876.jpg,BCC
ISIC_0057596.jpg,BCC
ISIC_0071843.jpg,BCC
ISIC_0060298.jpg,BCC
ISIC_0033747.jpg,BCC
ISIC_0029539.jpg,BCC
ISIC_0064019.jpg,BCC
ISIC_0067677.jpg,BCC
ISIC_0060144.jpg,BCC
ISIC_0029644.jpg,BCC
ISIC_0070911.jpg,BCC
ISIC_0063515.jpg,BCC
ISIC_0072693.jpg,BCC
ISIC_0056252.jpg,BCC
ISIC_0067850.jpg,BCC
ISIC_0054170.jpg,BCC
ISIC_0062464.jpg,BCC
ISIC_0070950.jpg,BCC
ISIC_0056321.jpg,BCC
ISIC_0068038.jpg,BCC
ISIC_0063265.jpg,BCC
ISIC_0026074.jpg,BCC
ISIC_0053463.jpg,BCC
ISIC_0059865.jpg,BCC
ISIC_0026439.jpg,BCC
ISIC_0064238.jpg,BCC
ISIC_0068642.jpg,BCC
ISIC_0054960.jpg,BCC
ISIC_0053993.jpg,BCC
ISIC_0064843.jpg,BCC
ISIC_0068355.jpg,BCC
ISIC_0065662.jpg,BCC
ISIC_0066759.jpg,BCC
ISIC_0069553.jpg,BCC
ISIC_0069971.jpg,BCC
ISIC_0059057.jpg,BCC
ISIC_0064226.jpg,BCC
ISIC_0064148.jpg,BCC
ISIC_0029779.jpg,BCC
ISIC_0065190.jpg,BCC
ISIC_0066960.jpg,BCC
ISIC_0070932.jpg,BCC
ISIC_0063284.jpg,BCC
ISIC_0062685.jpg,BCC
ISIC_0056265.jpg,BCC
ISIC_0058466.jpg,BCC
ISIC_0066329.jpg,BCC
ISIC_0053951.jpg,BCC
ISIC_0072548.jpg,BCC
ISIC_0072539.jpg,BCC
ISIC_0070437.jpg,BCC
ISIC_0034143.jpg,BCC
ISIC_0055180.jpg,BCC
ISIC_0063195.jpg,BCC
ISIC_0064622.jpg,BCC
ISIC_0066689.jpg,BCC
ISIC_0031569.jpg,BCC
ISIC_0070150.jpg,BCC
ISIC_0061908.jpg,BCC
ISIC_0067940.jpg,BCC
ISIC_0063892.jpg,BCC
ISIC_0054776.jpg,BCC
ISIC_0060063.jpg,BCC
ISIC_0054279.jpg,BCC
ISIC_0064099.jpg,BCC
ISIC_0058278.jpg,BCC
ISIC_0060582.jpg,BCC
ISIC_0065953.jpg,BCC
ISIC_0069092.jpg,BCC
ISIC_0070700.jpg,BCC
ISIC_0070958.jpg,BCC
ISIC_0061088.jpg,BCC
ISIC_0058611.jpg,BCC
ISIC_0057275.jpg,BCC
ISIC_0060591.jpg,BCC
ISIC_0059306.jpg,BCC
ISIC_0066398.jpg,BCC
ISIC_0068402.jpg,BCC
ISIC_0069754.jpg,BCC
ISIC_0027595.jpg,BCC
ISIC_0063111.jpg,BCC
ISIC_0025383.jpg,BCC
ISIC_0065581.jpg,BCC
ISIC_0071964.jpg,BCC
ISIC_0066380.jpg,BCC
ISIC_0072491.jpg,BCC
ISIC_0065129.jpg,BCC
ISIC_0069185.jpg,BCC
ISIC_0064519.jpg,BCC
ISIC_0030314.jpg,BCC
ISIC_0069066.jpg,BCC
ISIC_0061577.jpg,BCC
ISIC_0054735.jpg,BCC
ISIC_0064310.jpg,BCC
ISIC_0062915.jpg,BCC
ISIC_0054518.jpg,BCC
ISIC_0069525.jpg,BCC
ISIC_0071743.jpg,BCC
ISIC_0025601.jpg,BCC
ISIC_0063967.jpg,BCC
ISIC_0065972.jpg,BCC
ISIC_0062946.jpg,BCC
ISIC_0070266.jpg,BCC
ISIC_0064869.jpg,BCC
ISIC_0055223.jpg,BCC
ISIC_0070237.jpg,BCC
ISIC_0064714.jpg,BCC
ISIC_0070328.jpg,BCC
ISIC_0061316.jpg,BCC
ISIC_0031258.jpg,BCC
ISIC_0070199.jpg,BCC
ISIC_0062962.jpg,BCC
ISIC_0054605.jpg,BCC
ISIC_0060740.jpg,BCC
ISIC_0059690.jpg,BCC
ISIC_0054917.jpg,BCC
ISIC_0056095.jpg,BCC
ISIC_0072856.jpg,BCC
ISIC_0055861.jpg,BCC
ISIC_0072688.jpg,BCC
ISIC_0072662.jpg,BCC
ISIC_0069094.jpg,BCC
ISIC_0067851.jpg,BCC
ISIC_0024452.jpg,BCC
ISIC_0062501.jpg,BCC
ISIC_0068033.jpg,BCC
ISIC_0061328.jpg,BCC
ISIC_0058578.jpg,BCC
ISIC_0055760.jpg,BCC
ISIC_0056306.jpg,BCC
ISIC_0061683.jpg,BCC
ISIC_0059400.jpg,BCC
ISIC_0072805.jpg,BCC
ISIC_0073111.jpg,BCC
ISIC_0055497.jpg,BCC
ISIC_0073009.jpg,BCC
ISIC_0061739.jpg,BCC
ISIC_0067991.jpg,BCC
ISIC_0054340.jpg,BCC
ISIC_0061637.jpg,BCC
ISIC_0064570.jpg,BCC
ISIC_0067683.jpg,BCC
ISIC_0072813.jpg,BCC
ISIC_0070625.jpg,BCC
ISIC_0061778.jpg,BCC
ISIC_0055890.jpg,BCC
ISIC_0071056.jpg,BCC
ISIC_0054589.jpg,BCC
ISIC_0062386.jpg,BCC
ISIC_0059775.jpg,BCC
ISIC_0061386.jpg,BCC
ISIC_0068987.jpg,BCC
ISIC_0071517.jpg,BCC
ISIC_0053626.jpg,BCC
ISIC_0053817.jpg,BCC
ISIC_0063279.jpg,BCC
ISIC_0069513.jpg,BCC
ISIC_0034095.jpg,BCC
ISIC_0055356.jpg,BCC
ISIC_0063160.jpg,BCC
ISIC_0066469.jpg,BCC
ISIC_0061824.jpg,BCC
ISIC_0068611.jpg,BCC
ISIC_0058193.jpg,BCC
ISIC_0059585.jpg,BCC
ISIC_0069477.jpg,BCC
ISIC_0027544.jpg,BCC
ISIC_0067163.jpg,BCC
ISIC_0057941.jpg,BCC
ISIC_0068353.jpg,BCC
ISIC_0072545.jpg,BCC
ISIC_0070057.jpg,BCC
ISIC_0065361.jpg,BCC
ISIC_0066645.jpg,VASC
ISIC_0054903.jpg,VASC
ISIC_0072651.jpg,VASC
ISIC_0025707.jpg,VASC
ISIC_0031103.jpg,VASC
ISIC_0027385.jpg,VASC
ISIC_0029448.jpg,VASC
ISIC_0060821.jpg,VASC
ISIC_0068387.jpg,VASC
ISIC_0033254.jpg,VASC
ISIC_0071787.jpg,VASC
ISIC_0061276.jpg,VASC
ISIC_0029889.jpg,VASC
ISIC_0072012.jpg,VASC
ISIC_0031217.jpg,VASC
ISIC_0032692.jpg,VASC
ISIC_0024669.jpg,VASC
ISIC_0029404.jpg,VASC
ISIC_0025249.jpg,VASC
ISIC_0025924.jpg,VASC
ISIC_0027210.jpg,VASC
ISIC_0071543.jpg,VASC
ISIC_0030275.jpg,VASC
ISIC_0030606.jpg,VASC
ISIC_0024402.jpg,VASC
ISIC_0031955.jpg,VASC
ISIC_0069242.jpg,VASC
ISIC_0057295.jpg,VASC
ISIC_0053779.jpg,VASC
ISIC_0072919.jpg,VASC
ISIC_0056264.jpg,VASC
ISIC_0061674.jpg,VASC
ISIC_0033969.jpg,VASC
ISIC_0026876.jpg,VASC
ISIC_0033123.jpg,VASC
ISIC_0064323.jpg,VASC
ISIC_0030882.jpg,VASC
ISIC_0026713.jpg,VASC
ISIC_0067336.jpg,VASC
ISIC_0031648.jpg,VASC
ISIC_0064682.jpg,VASC
ISIC_0058302.jpg,VASC
ISIC_0027256.jpg,VASC
ISIC_0024475.jpg,VASC
ISIC_0033608.jpg,VASC
ISIC_0058394.jpg,VASC
ISIC_0059484.jpg,VASC
ISIC_0031270.jpg,VASC
ISIC_0031065.jpg,VASC
ISIC_0025250.jpg,VASC
ISIC_0068484.jpg,VASC
ISIC_0033565.jpg,VASC
ISIC_0025578.jpg,VASC
ISIC_0071044.jpg,VASC
ISIC_0067285.jpg,VASC
ISIC_0072964.jpg,VASC
ISIC_0028163.jpg,VASC
ISIC_0066446.jpg,VASC
ISIC_0058211.jpg,VASC
ISIC_0064078.jpg,VASC
ISIC_0064409.jpg,VASC
ISIC_0033450.jpg,VASC
ISIC_0027888.jpg,VASC
ISIC_0031950.jpg,VASC
ISIC_0031197.jpg,VASC
ISIC_0073110.jpg,VASC
ISIC_0029742.jpg,VASC
